site,date,title,extractedData,promocao,categoria
elcorteingles,20170811,"Smartphone Apple iPhone 6, 32GB Space Grey","[399.0, 449.0]",Sem Promocao,Smartphone
elcorteingles,20170814,Smartphone Huawei P8 Lite 2017 16 Gb Black,[259.9],Sem Promocao,Smartphone
elcorteingles,20170817,Smartphone Huawei P8 Lite 2017 16 Gb Gold,[259.9],Sem Promocao,Smartphone
elcorteingles,20170819,Apple iPhone 7 Plus 128GB Black,[1029.0],Sem Promocao,Smartphone
elcorteingles,20170819,"Smartphone Apple iPhone 6, 32GB Space Grey","[399.0, 449.0]",Sem Promocao,Smartphone
elcorteingles,20170819,"Smartphone Samsung Galaxy S8 5,8 Prateado",[799.9],Sem Promocao,Smartphone
elcorteingles,20171221,"Smartphone Samsung Galaxy S8 Plus 6,2 Prateado",[919.9],Sem Promocao,Smartphone
elcorteingles,20171223,Smartphone Apple iPhone 8 64GB Gold,[829.0],Sem Promocao,Smartphone
elcorteingles,20171223,Smartphone Apple iPhone 8 64GB Silver,[829.0],Sem Promocao,Smartphone
elcorteingles,20171223,"Smartphone Apple iPhone X, , 256GB Silver",[1359.0],Sem Promocao,Smartphone
elcorteingles,20171223,"Smartphone Apple iPhone X, 5,8"", 64GB Silver",[1179.0],Sem Promocao,Smartphone
elcorteingles,20180503,"Smartphone Huawei P20, , 128 GB Preto",[699.9],Sem Promocao,Smartphone
elcorteingles,20180503,"Smartphone Samsung Galaxy S9, , 64 GB Azul TopÃ¡zio",[869.9],Sem Promocao,Smartphone
elcorteingles,20180503,"Smartphone Samsung Galaxy S9, , 64 GB Rosa PÃºrpura",[869.9],Sem Promocao,Smartphone
elcorteingles,20181116,Smartphone Apple iPhone XS 64GB Gold,[1179.0],Sem Promocao,Smartphone
elcorteingles,20190422,"Samsung Galaxy S10 128GB, 8GB Preto Prisma ",[929.9],Sem Promocao,Smartphone
elcorteingles,20190422,"Samsung Galaxy S10+, 128GB, 8GB Preto ",[1029.9],Sem Promocao,Smartphone
elcorteingles,20190422,Smartphone Apple iPhone XR 64GB Black ,[879.0],Sem Promocao,Smartphone
elcorteingles,20190422,Smartphone Apple iPhone Xs 64GB Space Grey ,[1179.0],Sem Promocao,Smartphone
elcorteingles,20190422,Smartphone Huawei Mate 20 Lite Azul ,[349.9],Sem Promocao,Smartphone
elcorteingles,20190422,Smartphone Huawei Mate 20 Lite Preto ,[349.9],Sem Promocao,Smartphone
elcorteingles,20190422,Smartphone Huawei P20 PRO 128 GB Preto ,"[559.9, 799.9]",Sem Promocao,Smartphone
elcorteingles,20190906,Jogos PlayStation 4 PlayStation Gaming ,"[44.99, 69.99]",Sem Promocao,Computador
elcorteingles,20190906,Smartphone Apple iPhone XR 128GB Black ,[939.0],Sem Promocao,Smartphone
elcorteingles,20190906,Smartphone Apple iPhone XR 64GB White ,[879.0],Sem Promocao,Smartphone
elcorteingles,20190906,Smartphone Apple iPhone Xs 64GB Gold ,[1179.0],Sem Promocao,Smartphone
elcorteingles,20190906,Smartphone Apple iPhone Xs Max 64GB Space Grey ,[1279.0],Sem Promocao,Smartphone
elcorteingles,20190906,"Smartphone Huawei P30 Pro, 8GB, 128GB Crystal ","[789.99, 999.9]",Sem Promocao,Smartphone
elcorteingles,20190906,"Smartphone Huawei P30, 6GB, 128GB Black ","[619.99, 799.9]",Sem Promocao,Smartphone
elcorteingles,20191129,Consolas XBOX Xbox Gaming ,"[199.0, 299.99]",Black Friday,Consola
elcorteingles,20191129,Gaming ,"[9.99, 39.99]",Black Friday,Computador
elcorteingles,20191129,Jogos PlayStation 4 PlayStation Gaming ,"[49.99, 69.99]",Black Friday,Computador
elcorteingles,20191129,Jogos PlayStation 4 PlayStation Gaming ,"[49.99, 69.99]",Sem Promocao,Computador
elcorteingles,20191129,Jogos XBOX One Xbox Gaming ,[69.99],Black Friday,Consola
elcorteingles,20191129,Jogos XBOX One Xbox Gaming ,[69.99],Sem Promocao,Consola
elcorteingles,20191129,Jogos XBOX One Xbox Gaming  Página 2,"[29.99, 44.99]",Black Friday,Consola
elcorteingles,20191129,Jogos XBOX One Xbox Gaming  Página 2,"[29.99, 44.99]",Sem Promocao,Consola
elcorteingles,20191129,XBOX Live Cartões Digitais Gaming ,[10.0],Black Friday,Consola
elcorteingles,20191129,Yves Saint Laurent Perfumaria e Cosmética ,"[81.6, 108.8]",Black Friday,Outros
fnac,20170816,Apple iPhone 7 32GB (Preto Mate) Apple iPhone Compre,[779.99],Sem Promocao,Smartphone
fnac,20170819,Assassins Creed Origins Gods Collectors Edition Xbox One,[129.99],Sem Promocao,Consola
fnac,20170819,Consola Sony PS4 1TB + Street Fighter V,[369.99],Sem Promocao,Consola
fnac,20170819,Consola Sony PS4 Pro 1TB,[399.0],Sem Promocao,Consola
fnac,20170819,Consola Sony PS4 Pro 1TB + Voucher PlayStation 10€,[399.99],Sem Promocao,Consola
fnac,20170819,Consola Sony PS4 Slim 1TB,[478.99],Sem Promocao,Consola
fnac,20170819,Consola Sony PS4 Slim 1TB + Call of Duty: Infinite Warfare,[379.99],Sem Promocao,Consola
fnac,20170819,Consola Sony PS4 Slim 1TB + Final Fantasy XV Edição Limitada,[499.99],Sem Promocao,Consola
fnac,20170819,Consola Sony PS4 Slim 1TB + Mafia III,[369.99],Sem Promocao,Consola
fnac,20170819,Consola Sony PS4 Slim 1TB + Ratchet & Clank + Crash Bandicoot N. Sane Trilogy,[349.99],Sem Promocao,Consola
fnac,20170819,Consola Sony PS4 Slim 1TB + The Last Guardian,[399.99],Sem Promocao,Consola
fnac,20170819,Consola Sony PS4 Slim 1TB + Uncharted 4 + GTA V,[369.99],Sem Promocao,Consola
fnac,20170819,Consola Sony PS4 Slim 1TB + Uncharted 4 + Horizon Zero Dawn,[369.99],Sem Promocao,Consola
fnac,20170819,Consola Sony PS4 Slim 500GB Branca / Glacier White,[342.03],Sem Promocao,Consola
fnac,20170819,Consola Sony PS4 Slim 500GB Dourada (Gold) Edição Especial 2 Comandos,"[349.99, 389.99]",Sem Promocao,Acessorios
fnac,20170819,Consola Sony PS4 Slim 500GB Prateada (Sliver) Edição Especial 2 Comandos,[398.99],Sem Promocao,Acessorios
fnac,20170819,Consola Sony PS4 Slim 500GB Preta,[299.99],Sem Promocao,Consola
fnac,20170819,Dark Souls III Collectors Edition Xbox One,[90.0],Sem Promocao,Consola
fnac,20170819,Destiny 2 Collectors Edition PS4,[249.99],Sem Promocao,Consola
fnac,20170819,Destiny 2 Collector’s Edition Xbox One,[249.99],Sem Promocao,Consola
fnac,20170819,Destiny 2 Limited Edition Xbox One,[109.99],Sem Promocao,Consola
fnac,20170819,Deus Ex: Mankind Divided Collectors Edition Xbox One,[89.0],Sem Promocao,Consola
fnac,20170819,Dragon Ball: Xenoverse 2 Collectors Edition Xbox One,[159.99],Sem Promocao,Consola
fnac,20170819,Forza Motosport 7 Ultimate Edition Xbox One,"[84.99, 99.99]",Sem Promocao,Consola
fnac,20170819,Halo 5: Guardians Limited Collectors Edition Xbox One,[199.99],Sem Promocao,Consola
fnac,20170819,Hitman Collectors Edition Xbox One,[122.0],Sem Promocao,Consola
fnac,20170819,Huawei P8 Lite (Black),"[179.99, 229.99]",Sem Promocao,Smartphone
fnac,20170819,Huawei P8 Lite (Gold),"[179.99, 229.99]",Sem Promocao,Smartphone
fnac,20170819,Huawei P8 Lite (White),"[179.99, 229.99]",Sem Promocao,Smartphone
fnac,20170819,Huawei P8 Lite 16GB 4G Branco,[169.93],Sem Promocao,Smartphone
fnac,20170819,Huawei P8 Lite 16GB 4G Preto,[169.9],Sem Promocao,Smartphone
fnac,20170819,Huawei P8 Lite 2017 4G 16GB,[278.0],Sem Promocao,Smartphone
fnac,20170819,Huawei P8 Lite 2017 4G 16GB Azul,[286.68],Sem Promocao,Smartphone
fnac,20170819,Huawei P8 Lite 2017 4G 16GB Dourado,[278.0],Sem Promocao,Smartphone
fnac,20170819,Huawei P8 Lite 2017 Black,"[219.99, 259.99]",Sem Promocao,Smartphone
fnac,20170819,Huawei P8 Lite 2017 Gold,"[219.99, 259.99]",Sem Promocao,Smartphone
fnac,20170819,Huawei P8 Lite 2017 White,"[219.99, 259.99]",Sem Promocao,Smartphone
fnac,20170819,Huawei P8 Lite 4G 16GB Branco,[169.9],Sem Promocao,Smartphone
fnac,20170819,Mafia III Collectors Edition Xbox One,[159.99],Sem Promocao,Consola
fnac,20170819,Metal Gear Solid V: The Phantom Pain Collectors Edition Xbox One,[129.99],Sem Promocao,Consola
fnac,20170819,Ni no Kuni II: Revenant Kingdom: Kings Edition PS4,[159.99],Sem Promocao,Consola
fnac,20170819,Ni no Kuni II: Revenant Kingdom: Princess Edition PS4,[94.99],Sem Promocao,Consola
fnac,20170819,Pack Consola Sony PS4 Pro 1TB + GTA V,[429.9],Sem Promocao,Consola
fnac,20170819,Pack Consola Sony PS4 Slim 1TB + Ratchet & Clank + Crash Bandicoot N. Sane Trilogy + FIFA 17,[399.99],Sem Promocao,Consola
fnac,20170819,Pack Consola Sony PS4 Slim 500GB + Pro Evolution Soccer 2017,[344.99],Sem Promocao,Consola
fnac,20170819,Project C.A.R.S. 2 Collectors Edition Xbox One,[159.99],Sem Promocao,Consola
fnac,20170819,Rocket League Collectors Edition Xbox One,[29.95],Sem Promocao,Consola
fnac,20170819,Smartphone HUAWEI P8 Lite 4G 16GB (Preto),[172.9],Sem Promocao,Smartphone
fnac,20170819,Smartphone Huawei P8 Lite 2GB 16GB Dourado,[179.3],Sem Promocao,Smartphone
fnac,20170819,South Park: The Fractured But Whole Collectors Edition Xbox One,[99.99],Sem Promocao,Consola
fnac,20170819,Star Wars: Battlefront II: Elite Trooper Deluxe Edition PS4,[89.99],Sem Promocao,Consola
fnac,20170819,Star Wars: Battlefront II: Elite Trooper Deluxe Edition Xbox One,[89.99],Sem Promocao,Consola
fnac,20170819,Stardew Valley Collectors Edition XBox One,[30.99],Sem Promocao,Consola
fnac,20170819,Syberia 3 Collectors Edition Xbox One,[129.99],Sem Promocao,Consola
fnac,20170819,Tekken 7 Collectors Edition Xbox One,[152.99],Sem Promocao,Consola
fnac,20170819,smartphone Huawei P8 Lite 772997 4G 16GB Preto,[283.0],Sem Promocao,Smartphone
fnac,20180719,Apple iPhone 8 256GB Cinzento Sideral,[842.99],Sem Promocao,Smartphone
fnac,20180719,Apple iPhone 8 256GB Dourado,[1009.99],Sem Promocao,Smartphone
fnac,20180719,Apple iPhone 8 256GB Prateado,[1009.99],Sem Promocao,Smartphone
fnac,20180719,Apple iPhone 8 256GB Red Edição Especial,[1009.99],Sem Promocao,Smartphone
fnac,20180719,Apple iPhone 8 64GB Cinzento Sideral,[829.99],Sem Promocao,Smartphone
fnac,20180719,Apple iPhone 8 64GB Dourado,[829.99],Sem Promocao,Smartphone
fnac,20180719,Apple iPhone 8 64GB Prateado,[829.99],Sem Promocao,Smartphone
fnac,20180719,Apple iPhone 8 64GB Red Edição Especial,[665.0],Sem Promocao,Smartphone
fnac,20180719,Apple iPhone 8 Plus 256GB Cinzento Sideral,[1119.99],Sem Promocao,Smartphone
fnac,20180719,Apple iPhone 8 Plus 256GB Dourado,[1119.99],Sem Promocao,Smartphone
fnac,20180719,Apple iPhone 8 Plus 256GB Prateado,[1138.4],Sem Promocao,Smartphone
fnac,20180719,Apple iPhone 8 Plus 256GB Red Edição Especial,[1186.0],Sem Promocao,Smartphone
fnac,20180719,Apple iPhone 8 Plus 64GB Cinzento Sideral,[939.99],Sem Promocao,Smartphone
fnac,20180719,Apple iPhone 8 Plus 64GB Dourado,[939.99],Sem Promocao,Smartphone
fnac,20180719,Apple iPhone 8 Plus 64GB Prateado,[939.99],Sem Promocao,Smartphone
fnac,20180719,Apple iPhone 8 Plus 64GB Red Edição Especial,[781.0],Sem Promocao,Smartphone
fnac,20180719,Apple iPhone X 256GB Cinzento,[1199.0],Sem Promocao,Smartphone
fnac,20180719,Apple iPhone X 256GB Cinzento Sideral,[1359.99],Sem Promocao,Smartphone
fnac,20180719,Apple iPhone X 256GB Prateado,[1102.5],Sem Promocao,Smartphone
fnac,20180719,Apple iPhone X 64GB Cinzento,[1009.0],Sem Promocao,Smartphone
fnac,20180719,Apple iPhone X 64GB Cinzento Sideral,[1179.99],Sem Promocao,Smartphone
fnac,20180719,Apple iPhone X 64GB Prateado,[1179.99],Sem Promocao,Smartphone
fnac,20180719,Capa 4-OK Ultra Slim para Galaxy S9,[13.99],Sem Promocao,Acessorios
fnac,20180719,Capa Book Window 4-OK para Galaxy S9 Preto,[19.99],Sem Promocao,Acessorios
fnac,20180719,Capa Book Window 4-OK para Galaxy S9+ Preto,[19.99],Sem Promocao,Acessorios
fnac,20180719,Capa Samsung Clear View para Galaxy S9 Preto,[59.99],Sem Promocao,Acessorios
fnac,20180719,Capa Samsung Clear View para Galaxy S9+ Dourado,[59.99],Sem Promocao,Acessorios
fnac,20180719,Capa Samsung Clear View para Galaxy S9+ Preto,[59.99],Sem Promocao,Acessorios
fnac,20180719,Capa Samsung Led View para Galaxy S9 Preto,[69.99],Sem Promocao,Acessorios
fnac,20180719,Capa Samsung Led View para Galaxy S9+ Preto,[69.99],Sem Promocao,Acessorios
fnac,20180719,Capa Samsung Protective para Galaxy S9+ Preto,[39.99],Sem Promocao,Acessorios
fnac,20180719,Capa Samsung Silicone para Galaxy S9 Preto,[29.99],Sem Promocao,Acessorios
fnac,20180719,Película Ecrã Vidro Temperado 4-OK para Galaxy S9,[19.99],Sem Promocao,Acessorios
fnac,20180719,Película Ecrã Vidro Temperado 4-OK para Galaxy S9+,[19.99],Sem Promocao,Acessorios
fnac,20180719,Película Vidro Temperado 3D Multishop para Samsung Galaxy S9+ / S9 Plus,[8.99],Sem Promocao,Acessorios
fnac,20180719,Película Vidro Temperado Multishop para Samsung Galaxy S9+ / S9 Plus,[6.99],Sem Promocao,Acessorios
fnac,20180719,Película de Vidro Temperado Advansia para Samsung Galaxy S9 Plus Proteção Total,[7.9],Sem Promocao,Acessorios
fnac,20180719,Samsung Galaxy S8 G950FZ Cinzento Orquídea,"[589.99, 719.99]",Sem Promocao,Smartphone
fnac,20180719,Samsung Galaxy S8 G950FZ Prateado,"[589.99, 719.99]",Sem Promocao,Smartphone
fnac,20180719,Samsung Galaxy S8 G950FZ Preto Meia-Noite,[475.9],Sem Promocao,Smartphone
fnac,20180719,Samsung Galaxy S8 G950FZ Rosa,"[589.99, 719.99]",Sem Promocao,Smartphone
fnac,20180719,Samsung Galaxy S8 PLUS SM-G955F 4GB RAM 64 GB Preto,[528.0],Sem Promocao,Smartphone
fnac,20180719,Samsung Galaxy S8 Sim- G950F-DS Preto Meia-Noite,[477.99],Sem Promocao,Smartphone
fnac,20180719,Samsung Galaxy S8+ G955F/DS Maple Dourado,[819.99],Sem Promocao,Smartphone
fnac,20180719,Samsung Galaxy S8+ G955FD Preto Meia-Noite,[819.99],Sem Promocao,Smartphone
fnac,20180719,Samsung Galaxy S8+ G955FZ Cinzento Orquídea,[528.0],Sem Promocao,Smartphone
fnac,20180719,Samsung Galaxy S8+ G955FZ Prateado,"[679.99, 819.99]",Sem Promocao,Smartphone
fnac,20180719,Samsung Galaxy S8+ G955FZ Preto Meia-Noite,"[679.99, 819.99]",Sem Promocao,Smartphone
fnac,20180719,Samsung Galaxy S9 G960FZ 256GB Cinzento Titânio,[999.99],Sem Promocao,Smartphone
fnac,20180719,Samsung Galaxy S9 G960FZ Azul Topázio,[869.99],Sem Promocao,Smartphone
fnac,20180719,Samsung Galaxy S9 G960FZ Dourado Amanhecer,[869.99],Sem Promocao,Smartphone
fnac,20180719,Samsung Galaxy S9 G960FZ Preto Meia-Noite,[869.99],Sem Promocao,Smartphone
fnac,20180719,Samsung Galaxy S9 G960FZ Rosa Púrpura,[869.99],Sem Promocao,Smartphone
fnac,20180719,Samsung Galaxy S9+ G965FZ 256GB Cinzento Titânio,[1099.99],Sem Promocao,Smartphone
fnac,20180719,Samsung Galaxy S9+ G965FZ Azul Topázio,[969.99],Sem Promocao,Smartphone
fnac,20180719,Samsung Galaxy S9+ G965FZ Dourado Amanhecer,[969.99],Sem Promocao,Smartphone
fnac,20180719,Samsung Galaxy S9+ G965FZ Preto Meia-Noite,[969.99],Sem Promocao,Smartphone
fnac,20180719,Samsung Galaxy S9+ G965FZ Preto Meia-Noite SmartPhone Compre,[969.99],Sem Promocao,Smartphone
fnac,20180719,Samsung Galaxy S9+ G965FZ Rosa Púrpura,[969.99],Sem Promocao,Smartphone
fnac,20180719,Smartphone Samsung Galaxy S8 64GB Blue Coral,[549.89],Sem Promocao,Smartphone
fnac,20180719,Smartphone Samsung Galaxy S8 G950F 64GB Preto Meia-Noite,[604.49],Sem Promocao,Smartphone
fnac,20180719,Smartphone TIM Samsung Galaxy S8 4GB 64 GB Azul,[570.0],Sem Promocao,Smartphone
fnac,20180719,Smartphone Telecom Italia Samsung Galaxy S8 4GB 64 GB Cinzento,[570.0],Sem Promocao,Smartphone
fnac,20180719,Smartphone Telecom Italia Samsung Galaxy S8 4GB 64 GB Prateado,[570.0],Sem Promocao,Smartphone
fnac,20180719,Smartphone Telecom Italia Samsung Galaxy S8+ 4GB 64 GB Cinzento,[775.0],Sem Promocao,Smartphone
fnac,20180719,Smartphone Telecom Italia Samsung Galaxy S8+ 4GB 64 GB Prateado,[765.0],Sem Promocao,Smartphone
fnac,20180719,Smartphone Telekom Samsung Galaxy S8 Plus 4GB 64 GB Cinzento,[493.99],Sem Promocao,Smartphone
fnac,20180719,Smartphone Telekom Samsung Galaxy S8 Plus 4GB 64 GB Preto,[661.0],Sem Promocao,Smartphone
fnac,20181013,Apple iPhone 8 256GB Cinzento Sideral,[889.99],Sem Promocao,Smartphone
fnac,20181013,Apple iPhone 8 256GB Dourado,[889.99],Sem Promocao,Smartphone
fnac,20181013,Apple iPhone 8 256GB Prateado,[889.99],Sem Promocao,Smartphone
fnac,20181013,Apple iPhone 8 256GB Red Edição Especial,[768.0],Sem Promocao,Smartphone
fnac,20181013,Apple iPhone 8 64GB Cinzento Sideral,[719.99],Sem Promocao,Smartphone
fnac,20181013,Apple iPhone 8 64GB Dourado,[719.99],Sem Promocao,Smartphone
fnac,20181013,Apple iPhone 8 64GB Prateado,[719.99],Sem Promocao,Smartphone
fnac,20181013,Apple iPhone 8 64GB Red Edição Especial,[641.9],Sem Promocao,Smartphone
fnac,20181013,Apple iPhone 8 Plus 256GB Cinzento Sideral,[999.99],Sem Promocao,Smartphone
fnac,20181013,Apple iPhone 8 Plus 256GB Dourado,[999.99],Sem Promocao,Smartphone
fnac,20181013,Apple iPhone 8 Plus 256GB Prateado,[999.99],Sem Promocao,Smartphone
fnac,20181013,Apple iPhone 8 Plus 256GB Red Edição Especial,[888.0],Sem Promocao,Smartphone
fnac,20181013,Apple iPhone 8 Plus 64GB Cinzento Sideral,[829.99],Sem Promocao,Smartphone
fnac,20181013,Apple iPhone 8 Plus 64GB Dourado,[829.99],Sem Promocao,Smartphone
fnac,20181013,Apple iPhone 8 Plus 64GB Prateado,[829.99],Sem Promocao,Smartphone
fnac,20181013,Apple iPhone 8 Plus 64GB Red Edição Especial,[744.9],Sem Promocao,Smartphone
fnac,20181013,Apple iPhone X 256GB Cinzento,[1060.0],Sem Promocao,Smartphone
fnac,20181013,Apple iPhone X 256GB Cinzento Sideral,[1229.99],Sem Promocao,Smartphone
fnac,20181013,Apple iPhone X 256GB Prateado,[1229.99],Sem Promocao,Smartphone
fnac,20181013,Apple iPhone X 64GB Cinzento,[910.0],Sem Promocao,Smartphone
fnac,20181013,Apple iPhone X 64GB Cinzento Sideral,[1059.99],Sem Promocao,Smartphone
fnac,20181013,Apple iPhone X 64GB Prateado,[1059.99],Sem Promocao,Smartphone
fnac,20181013,Samsung Galaxy S8 G950FZ Cinzento Orquídea,"[549.99, 719.99]",Sem Promocao,Smartphone
fnac,20181013,Samsung Galaxy S8 G950FZ Prateado,"[549.99, 719.99]",Sem Promocao,Smartphone
fnac,20181013,Samsung Galaxy S8 G950FZ Preto Meia-Noite,"[549.99, 719.99]",Sem Promocao,Smartphone
fnac,20181013,Samsung Galaxy S8 G950FZ Rosa,[546.0],Sem Promocao,Smartphone
fnac,20181013,Samsung Galaxy S8 PLUS SM-G955F 4GB RAM 64 GB Preto,[475.99],Sem Promocao,Smartphone
fnac,20181013,Samsung Galaxy S8 Sim- G950F-DS Preto Meia-Noite,[442.28],Sem Promocao,Smartphone
fnac,20181013,Samsung Galaxy S8+ G955F/DS Maple Dourado,[458.0],Sem Promocao,Smartphone
fnac,20181013,Samsung Galaxy S8+ G955FD Preto Meia-Noite,[458.8],Sem Promocao,Smartphone
fnac,20181013,Samsung Galaxy S8+ G955FZ Cinzento Orquídea,[471.1],Sem Promocao,Smartphone
fnac,20181013,Samsung Galaxy S8+ G955FZ Prateado,"[649.99, 819.99]",Sem Promocao,Smartphone
fnac,20181013,Samsung Galaxy S8+ G955FZ Preto Meia-Noite,[469.9],Sem Promocao,Smartphone
fnac,20181013,Smartphone Samsung Galaxy S8 64GB Blue Coral,[516.89],Sem Promocao,Smartphone
fnac,20181013,Smartphone Samsung Galaxy S8 G950F 64GB Coral Blue,[438.1],Sem Promocao,Smartphone
fnac,20181013,Smartphone Samsung Galaxy S8 G950F 64GB Preto Meia-Noite,[533.49],Sem Promocao,Smartphone
fnac,20181013,Smartphone Samsung Galaxy S8 G950Fds 4GB 64GB Cinzento Orquídea,[444.8],Sem Promocao,Smartphone
fnac,20181013,Smartphone Samsung Galaxy S8 G950Fds 4GB 64GB Coral Azul,[458.89],Sem Promocao,Smartphone
fnac,20181013,Smartphone Samsung Galaxy S8 Plus 6GB 128GB Cinzento Orquídea,[719.99],Sem Promocao,Smartphone
fnac,20181013,Smartphone Samsung Galaxy S8+ G955Fds 4GB 64GB Cinzento Orquídea,[478.0],Sem Promocao,Smartphone
fnac,20181013,Smartphone TIM Samsung Galaxy S8 4GB 64 GB Azul,[583.0],Sem Promocao,Smartphone
fnac,20181013,Smartphone Telekom Samsung Galaxy S8 Plus 4GB 64 GB Cinzento,[475.99],Sem Promocao,Smartphone
fnac,20181013,Thrustmaster Ferrari 458 Spider Racing Wheel,[94.95],Sem Promocao,Outros
fnac,20181013,Thrustmaster TMX Pro Racing Wheel Xbox One,[219.94],Sem Promocao,Consola
fnac,20181013,Thrustmaster TX Racing Wheel Leather Edition Xbox One,[399.3],Sem Promocao,Consola
fnac,20181013,Thrustmaster Volante TMX Force Feedback Xbox One,[175.65],Sem Promocao,Acessorios
fnac,20181013,Thrustmaster Volante TX Ferrari 458 Racing Xbox One / PC,[349.99],Sem Promocao,Acessorios
fnac,20181107,Apple iPhone XR 256GB Azul iPhone,[1049.99],Sem Promocao,Smartphone
fnac,20181107,Apple iPhone XS 256GB Dourado iPhone,[1349.99],Sem Promocao,Smartphone
fnac,20181107,Apple iPhone XS 64GB Prateado iPhone,[1179.99],Sem Promocao,Smartphone
fnac,20181123,Consola Sony PS4 1TB + Red Dead Redemption II Consola,"[299.0, 349.99]",Black Friday,Consola
fnac,20190422,Smartphone Huawei P20 128GB Black SmartPhone,[599.99],Sem Promocao,Smartphone
fnac,20190422,Smartphone Huawei P20 Pro 128GB Black SmartPhone,[799.99],Sem Promocao,Smartphone
fnac,20190423,Apple iPhone XR 128GB Amarelo,[939.99],Sem Promocao,Smartphone
fnac,20190423,Apple iPhone XR 128GB Azul,[939.99],Sem Promocao,Smartphone
fnac,20190423,Apple iPhone XR 128GB Branco,[939.99],Sem Promocao,Smartphone
fnac,20190423,Apple iPhone XR 128GB Coral,[939.99],Sem Promocao,Smartphone
fnac,20190423,Apple iPhone XR 128GB Preto,[939.99],Sem Promocao,Smartphone
fnac,20190423,Apple iPhone XR 128GB Red,[846.87],Sem Promocao,Smartphone
fnac,20190423,Apple iPhone XR 128GB Vermelho,[796.0],Sem Promocao,Smartphone
fnac,20190423,Apple iPhone XR 256GB Amarelo,[1049.99],Sem Promocao,Smartphone
fnac,20190423,Apple iPhone XR 256GB Azul,[1049.99],Sem Promocao,Smartphone
fnac,20190423,Apple iPhone XR 256GB Branco,[1049.99],Sem Promocao,Smartphone
fnac,20190423,Apple iPhone XR 256GB Coral,[1049.99],Sem Promocao,Smartphone
fnac,20190423,Apple iPhone XR 256GB Preto,[1049.99],Sem Promocao,Smartphone
fnac,20190423,Apple iPhone XR 256GB Red,[979.99],Sem Promocao,Smartphone
fnac,20190423,Apple iPhone XR 256GB Vermelho,[1060.7],Sem Promocao,Smartphone
fnac,20190423,Apple iPhone XR 64GB Amarelo,[879.99],Sem Promocao,Smartphone
fnac,20190423,Apple iPhone XR 64GB Azul,[879.99],Sem Promocao,Smartphone
fnac,20190423,Apple iPhone XR 64GB Branco,[879.99],Sem Promocao,Smartphone
fnac,20190423,Apple iPhone XR 64GB Coral,[879.99],Sem Promocao,Smartphone
fnac,20190423,Apple iPhone XR 64GB Preto,[879.99],Sem Promocao,Smartphone
fnac,20190423,Apple iPhone XR 64GB Red,[879.99],Sem Promocao,Smartphone
fnac,20190423,Apple iPhone XR 64GB Vermelho,[769.0],Sem Promocao,Smartphone
fnac,20190423,Apple iPhone XS 256GB Cinzento,[1484.8],Sem Promocao,Smartphone
fnac,20190423,Apple iPhone XS 256GB Cinzento Sideral,[1349.99],Sem Promocao,Smartphone
fnac,20190423,Apple iPhone XS 256GB Dourado,[1349.99],Sem Promocao,Smartphone
fnac,20190423,Apple iPhone XS 256GB Prateado,[1349.99],Sem Promocao,Smartphone
fnac,20190423,Apple iPhone XS 512GB Cinzento,[1309.88],Sem Promocao,Smartphone
fnac,20190423,Apple iPhone XS 512GB Cinzento Sideral,[1240.0],Sem Promocao,Smartphone
fnac,20190423,Apple iPhone XS 512GB Dourado,[1579.99],Sem Promocao,Smartphone
fnac,20190423,Apple iPhone XS 512GB Prateado,[1579.99],Sem Promocao,Smartphone
fnac,20190423,Apple iPhone XS 64GB Cinzento,[1006.73],Sem Promocao,Smartphone
fnac,20190423,Apple iPhone XS 64GB Cinzento Sideral,[1179.99],Sem Promocao,Smartphone
fnac,20190423,Apple iPhone XS 64GB Dourado,[1179.99],Sem Promocao,Smartphone
fnac,20190423,Apple iPhone XS 64GB Prateado,[1179.99],Sem Promocao,Smartphone
fnac,20190423,Apple iPhone XS Max 256GB Cinzento,[1482.1],Sem Promocao,Smartphone
fnac,20190423,Apple iPhone XS Max 256GB Dourado,[1285.61],Sem Promocao,Smartphone
fnac,20190423,Apple iPhone XS Max 256GB Prateado,[1250.21],Sem Promocao,Smartphone
fnac,20190423,Apple iPhone XS Max 512GB Cinzento,[1565.0],Sem Promocao,Smartphone
fnac,20190423,Apple iPhone XS Max 512GB Dourado,[1795.9],Sem Promocao,Smartphone
fnac,20190423,Apple iPhone XS Max 512GB Prateado,[1565.0],Sem Promocao,Smartphone
fnac,20190423,Apple iPhone XS Max 64GB Cinzento,[1096.0],Sem Promocao,Smartphone
fnac,20190423,Apple iPhone XS Max 64GB Dourado,[1129.85],Sem Promocao,Smartphone
fnac,20190423,Apple iPhone XS Max 64GB Prateado,[1117.88],Sem Promocao,Smartphone
fnac,20190423,Apple iPhone XS Max- 256GB Cinzento Sideral,[1449.99],Sem Promocao,Smartphone
fnac,20190423,Apple iPhone XS Max- 256GB Dourado,[1449.99],Sem Promocao,Smartphone
fnac,20190423,Apple iPhone XS Max- 256GB Prateado,[1449.99],Sem Promocao,Smartphone
fnac,20190423,Apple iPhone XS Max- 512GB Cinzento Sideral,[1679.99],Sem Promocao,Smartphone
fnac,20190423,Apple iPhone XS Max- 512GB Dourado,[1679.99],Sem Promocao,Smartphone
fnac,20190423,Apple iPhone XS Max- 512GB Prateado,[1679.99],Sem Promocao,Smartphone
fnac,20190423,Apple iPhone XS Max- 64GB Cinzento Sideral,[1279.99],Sem Promocao,Smartphone
fnac,20190423,Apple iPhone XS Max- 64GB Dourado,[1279.99],Sem Promocao,Smartphone
fnac,20190423,Apple iPhone XS Max- 64GB Prateado,[1279.99],Sem Promocao,Smartphone
fnac,20190906,Smartphone Huawei P30 Lite 128GB Preto SmartPhone,"[349.99, 379.99]",Sem Promocao,Smartphone
fnac,20191118,Capa Itskins Spectrumclear para Samsung Galaxy S10 Preto,[19.99],Sem Promocao,Acessorios
fnac,20191118,Capa Itskins Spectrumclear para Samsung Galaxy S10 Transparente,[19.99],Sem Promocao,Acessorios
fnac,20191118,Capa Itskins Spectrumclear para Samsung Galaxy S10+ Transparente,[19.99],Sem Promocao,Acessorios
fnac,20191118,Capa Itskins Spectrumclear para Samsung Galaxy S10e Preto,[19.99],Sem Promocao,Acessorios
fnac,20191118,Capa Itskins Spectrumclear para Samsung Galaxy S10e Transparente,[19.99],Sem Promocao,Acessorios
fnac,20191118,Capa Samsung Clear View para Galaxy S10 Preto,[54.99],Sem Promocao,Acessorios
fnac,20191118,Capa Samsung Clear View para Galaxy S10 Verde,[54.99],Sem Promocao,Acessorios
fnac,20191118,Capa Samsung Clear View para Galaxy S10+ Branco,[54.99],Sem Promocao,Acessorios
fnac,20191118,Capa Samsung Clear View para Galaxy S10+ Preto,[54.99],Sem Promocao,Acessorios
fnac,20191118,Capa Samsung Clear View para Galaxy S10+ Verde,[54.99],Sem Promocao,Acessorios
fnac,20191118,Capa Samsung Clear View para Galaxy S10e Branco,[54.99],Sem Promocao,Acessorios
fnac,20191118,Capa Samsung Clear View para Galaxy S10e Preto,[54.99],Sem Promocao,Acessorios
fnac,20191118,Capa Samsung Clear View para Galaxy S10e Verde,[54.99],Sem Promocao,Acessorios
fnac,20191118,Capa Samsung Clear para Galaxy S10 Transparente,[19.99],Sem Promocao,Acessorios
fnac,20191118,Capa Samsung Clear para Galaxy S10+ Transparente,[19.99],Sem Promocao,Acessorios
fnac,20191118,Capa Samsung Led View para Galaxy S10+ Branco,[69.99],Sem Promocao,Acessorios
fnac,20191118,Capa Samsung Led View para Galaxy S10+ Preto,[69.99],Sem Promocao,Acessorios
fnac,20191118,Capa Samsung Led View para Galaxy S10e Branco,[69.99],Sem Promocao,Acessorios
fnac,20191118,Capa Samsung Led View para Galaxy S10e Preto,[69.99],Sem Promocao,Acessorios
fnac,20191118,Capa Samsung Pele para Galaxy S10e Preto,[49.99],Sem Promocao,Acessorios
fnac,20191118,Capa Samsung Protective para Galaxy S10+ Preto,[39.99],Sem Promocao,Acessorios
fnac,20191118,Capa Samsung Silicone para Galaxy S10 Azul,[29.99],Sem Promocao,Acessorios
fnac,20191118,Capa Samsung Silicone para Galaxy S10 Branco,[29.99],Sem Promocao,Acessorios
fnac,20191118,Capa Samsung Silicone para Galaxy S10 Preto,[29.99],Sem Promocao,Acessorios
fnac,20191118,Capa Samsung Silicone para Galaxy S10+ Branco,[29.99],Sem Promocao,Acessorios
fnac,20191118,Capa Samsung Silicone para Galaxy S10+ Preto,[29.99],Sem Promocao,Acessorios
fnac,20191118,Capa Samsung Silicone para Galaxy S10+ Verde,[29.99],Sem Promocao,Acessorios
fnac,20191118,Capa Samsung Silicone para Galaxy S10e Branco,[29.99],Sem Promocao,Acessorios
fnac,20191118,Capa Samsung Silicone para Galaxy S10e Verde,[29.99],Sem Promocao,Acessorios
fnac,20191118,Película Ecrã Samsung para Galaxy S10,[19.99],Sem Promocao,Acessorios
fnac,20191118,Samsung Galaxy S10 G973FZ 128GB Branco,"[749.99, 849.99]",Sem Promocao,Smartphone
fnac,20191118,Samsung Galaxy S10 G973FZ 128GB Prateado Prisma,"[749.99, 849.99]",Sem Promocao,Smartphone
fnac,20191118,Samsung Galaxy S10 G973FZ 128GB Preto,"[749.99, 849.99]",Sem Promocao,Smartphone
fnac,20191118,Samsung Galaxy S10 G973FZ 128GB Verde,[649.98],Sem Promocao,Smartphone
fnac,20191118,Samsung Galaxy S10 G973FZ 512GB Branco,"[849.99, 949.99]",Sem Promocao,Smartphone
fnac,20191118,Samsung Galaxy S10 G973FZ 512GB Preto,"[849.99, 949.99]",Sem Promocao,Smartphone
fnac,20191118,Samsung Galaxy S10 G973FZ 512GB Verde,"[849.99, 949.99]",Sem Promocao,Smartphone
fnac,20191118,Samsung Galaxy S10+ G975FC 1TB Branco Cerâmico,"[1549.99, 1599.99]",Sem Promocao,Smartphone
fnac,20191118,Samsung Galaxy S10+ G975FC 1TB Preto Cerâmico,"[1549.99, 1599.99]",Sem Promocao,Smartphone
fnac,20191118,Samsung Galaxy S10+ G975FC 512GB Branco Cerâmico,"[1149.99, 1199.99]",Sem Promocao,Smartphone
fnac,20191118,Samsung Galaxy S10+ G975FC 512GB Preto Cerâmico,"[1149.99, 1199.99]",Sem Promocao,Smartphone
fnac,20191118,Samsung Galaxy S10+ G975FZ 128GB Branco,"[899.99, 949.99]",Sem Promocao,Smartphone
fnac,20191118,Samsung Galaxy S10+ G975FZ 128GB Prateado Prisma,"[899.99, 949.99]",Sem Promocao,Smartphone
fnac,20191118,Samsung Galaxy S10+ G975FZ 128GB Preto,"[899.99, 949.99]",Sem Promocao,Smartphone
fnac,20191118,Samsung Galaxy S10+ G975FZ 128GB Verde,"[899.99, 949.99]",Sem Promocao,Smartphone
fnac,20191118,Samsung Galaxy S10e G970FZ Amarelo,[500.85],Sem Promocao,Smartphone
fnac,20191118,Samsung Galaxy S10e G970FZ Branco,"[679.99, 699.99]",Sem Promocao,Smartphone
fnac,20191118,Samsung Galaxy S10e G970FZ Preto,"[679.99, 699.99]",Sem Promocao,Smartphone
fnac,20191118,Samsung Galaxy S10e G970FZ Verde,"[679.99, 699.99]",Sem Promocao,Smartphone
fnac,20191118,"Smartphone Samsung Galaxy S10E "" 128Gb Branco",[500.85],Sem Promocao,Smartphone
fnac,20191129,Animal Crossing Nintendo Switch Jogo,"[50.99, 59.99]",Black Friday,Outros
fnac,20191129,Apple Iphone 6 16GB Cinzento Sideral Recondicionado Grade A + Capa + Película,"[169.99, 269.99]",Black Friday,Acessorios
fnac,20191129,"Apple MacBook Air 13 Retina i5-1,6GHz 16GB 256GB Prateado",[1769.0],Black Friday,Computador
fnac,20191129,"Apple MacBook Air 13 Retina i5-1,6GHz 8GB 128GB Cinzento Sideral","[999.0, 1279.0]",Black Friday,Computador
fnac,20191129,"Apple MacBook Air 13 Retina i5-1,6GHz 8GB 128GB Dourado","[999.0, 1279.0]",Black Friday,Computador
fnac,20191129,"Apple MacBook Air 13 Retina i5-1,6GHz 8GB 128GB Prateado","[999.0, 1279.0]",Black Friday,Computador
fnac,20191129,"Apple MacBook Air 13 Retina i5-1,6GHz 8GB 256GB Cinzento Sideral","[1289.0, 1529.0]",Black Friday,Computador
fnac,20191129,"Apple MacBook Air 13 i5-1,8GHz 8GB 128GB","[839.0, 1129.0]",Black Friday,Computador
fnac,20191129,"Apple MacBook Pro 13 Retina i5-1,4GHz 16GB 128GB Intel Iris Plus Graphics 645 com Touch Bar e Touch ID Cinzento Sideral",[1789.0],Black Friday,Computador
fnac,20191129,"Apple MacBook Pro 13 Retina i5-1,4GHz 16GB 256GB Intel Iris Plus Graphics 645 com Touch Bar e Touch ID Cinzento Sideral","[1729.0, 2039.0]",Black Friday,Computador
fnac,20191129,"Apple MacBook Pro 13 Retina i5-1,4GHz 8GB 128GB Intel Iris Plus Graphics 645 com Touch Bar e Touch ID Cinzento Sideral","[1199.0, 1549.0]",Black Friday,Computador
fnac,20191129,"Apple MacBook Pro 13 Retina i5-1,4GHz 8GB 128GB Intel Iris Plus Graphics 645 com Touch Bar e Touch ID Prateado","[1199.0, 1549.0]",Black Friday,Computador
fnac,20191129,"Apple MacBook Pro 13 Retina i5-1,4GHz 8GB 256GB Intel Iris Plus Graphics 645 com Touch Bar e Touch ID Cinzento Sideral",[1799.0],Black Friday,Computador
fnac,20191129,"Apple MacBook Pro 13 Retina i5-2,4GHz 16GB 256GB Intel Iris Plus Graphics 655 com Touch Bar e Touch ID Cinzento Sideral",[2339.0],Black Friday,Computador
fnac,20191129,"Apple MacBook Pro 13 Retina i5-2,4GHz 16GB 256GB Intel Iris Plus Graphics 655 com Touch Bar e Touch ID Prateado",[2339.0],Black Friday,Computador
fnac,20191129,"Apple MacBook Pro 13 Retina i5-2,4GHz 8GB 256GB Intel Iris Plus Graphics 655 com Touch Bar e Touch ID Prateado","[1784.0, 2099.0]",Black Friday,Computador
fnac,20191129,"Apple MacBook Pro 13 Retina i7-2,8GHz 16GB 512GB Intel Iris Plus Graphics 655 com Touch Bar e Touch ID Cinzento Sideral",[2949.0],Black Friday,Computador
fnac,20191129,"Apple MacBook Pro 13 Retina i7-2,8GHz 8GB 256GB Intel Iris Plus Graphics 655 com Touch Bar e Touch ID Cinzento Sideral",[2459.0],Black Friday,Computador
fnac,20191129,"Apple MacBook Pro 15 Retina i7-2,6GHz 16GB 512GB Radeon Pro 555X com Touch Bar e Touch ID Cinzento Sideral","[2349.0, 3040.27]",Black Friday,Computador
fnac,20191129,"Apple MacBook Pro 15 Retina i9-2,3GHz 16GB 512GB Radeon Pro 560X com Touch Bar e Touch ID Cinzento Sideral",[2559.99],Black Friday,Computador
fnac,20191129,"Apple MacBook Pro 15 Retina i9-2,3GHz 16GB 512GB Radeon Pro 560X com Touch Bar e Touch ID Prateado",[3299.0],Black Friday,Computador
fnac,20191129,"Apple MacBook Pro 15 Retina i9-2,3GHz 32GB 1TB Radeon Pro Vega 16 com Touch Bar e Touch ID Prateado",[4321.4],Black Friday,Computador
fnac,20191129,"Apple MacBook Pro 15 Retina i9-2,3GHz 32GB 512GB Radeon Pro Vega 20 com Touch Bar e Touch ID Cinzento Sideral",[4199.0],Black Friday,Computador
fnac,20191129,"Apple MacBook Pro 15 Retina i9-2,4GHz 16GB 256GB Radeon Pro 555X com Touch Bar e Touch ID Cinzento Sideral",[3159.0],Black Friday,Computador
fnac,20191129,Apple iPad 32GB Cinzento Sideral,"[295.0, 369.0]",Black Friday,Tablet
fnac,20191129,Apple iPad Air  256GB Cinzento Sideral 2019,[749.0],Black Friday,Tablet
fnac,20191129,Apple iPad Air  64GB Cinzento Sideral 2019,[579.0],Black Friday,Tablet
fnac,20191129,Apple iPad Pro  256GB WiFi Cinzento Sideral,[1299.0],Black Friday,Tablet
fnac,20191129,Apple iPad Pro 11 256GB WiFi Cinzento Sideral,[1079.0],Black Friday,Tablet
fnac,20191129,Apple iPad Pro 11 64GB WiFi Cinzento Sideral,"[799.0, 909.0]",Black Friday,Tablet
fnac,20191129,Apple iPhone 11 128GB Preto,[793.99],Black Friday,Smartphone
fnac,20191129,Apple iPhone 11 64GB Preto,[829.99],Black Friday,Smartphone
fnac,20191129,Apple iPhone 11 Pro 64GB Cinzento Sideral,[1062.0],Black Friday,Smartphone
fnac,20191129,Apple iPhone 7 32GB (Dourado),"[349.99, 449.99]",Black Friday,Smartphone
fnac,20191129,Apple iPhone 7 32GB (Prateado),"[349.99, 449.99]",Black Friday,Smartphone
fnac,20191129,Apple iPhone 7 32GB (Preto Mate),"[349.99, 449.99]",Black Friday,Smartphone
fnac,20191129,Apple iPhone 7 32GB (Rosa Dourado),"[349.99, 449.99]",Black Friday,Smartphone
fnac,20191129,Apple iPhone 7 32GB Cinzento Sideral Recondicionado Grade A,"[279.99, 529.99]",Black Friday,Smartphone
fnac,20191129,Apple iPhone 8 64GB Cinzento Sideral,"[499.99, 549.99]",Black Friday,Smartphone
fnac,20191129,Apple iPhone 8 64GB Dourado,"[499.99, 549.99]",Black Friday,Smartphone
fnac,20191129,Apple iPhone 8 64GB Prateado,"[499.99, 549.99]",Black Friday,Smartphone
fnac,20191129,Apple iPhone XR 64GB Branco,[610.0],Black Friday,Smartphone
fnac,20191129,Apple iPhone XR 64GB Preto,[610.0],Black Friday,Smartphone
fnac,20191129,Apple iPhone XS 64GB Cinzento Sideral,"[829.99, 1069.99]",Black Friday,Smartphone
fnac,20191129,Apple iPhone XS 64GB Dourado,"[829.99, 1069.99]",Black Friday,Smartphone
fnac,20191129,Apple iPhone XS 64GB Prateado,"[829.99, 1069.99]",Black Friday,Smartphone
fnac,20191129,Apple iphone 7 32GB Prateado Recondicionado Grade A,"[279.99, 329.99]",Black Friday,Smartphone
fnac,20191129,Assassin’s Creed: The Rebel Collection Nintendo Switch Jogo,"[42.49, 49.99]",Black Friday,Outros
fnac,20191129,Auscultadores Gaming Razer Kraken X Multi-Plataformas,"[49.99, 59.99]",Black Friday,Computador
fnac,20191129,Bayonetta 3 Nintendo Switch Jogo,"[59.49, 69.99]",Black Friday,Outros
fnac,20191129,Call Of Duty Modern Warfare Remastered PS4 Jogo,"[49.99, 69.99]",Black Friday,Consola
fnac,20191129,Call Of Duty: Modern Warfare Steelbook PS4 Jogo,[5.0],Black Friday,Consola
fnac,20191129,Comando Dualshock 4 Sunset Orange PS4,"[120.99, 143.98]",Black Friday,Acessorios
fnac,20191129,Comando Sony DualShock 4 V2 Black + Fortnite,[51.6],Black Friday,Acessorios
fnac,20191129,Comando Sony Dualshock 4 Rose Gold,[50.84],Black Friday,Acessorios
fnac,20191129,Comando Sony Dualshock 4 Steel Black PS4,[64.9],Black Friday,Acessorios
fnac,20191129,Computador Portátil Acer Aspire 5 A514-52-59BU Prateado,"[549.99, 749.99]",Black Friday,Computador
fnac,20191129,Computador Portátil Acer Swift 1 SF114-32-C74S,[349.99],Black Friday,Computador
fnac,20191129,Computador Portátil Acer Swift 3 SF314-57-54A4,[799.99],Black Friday,Computador
fnac,20191129,Computador Portátil Acer Swift 5 SF515-51T-728Y Core i7-8565U 256GB,[1099.99],Black Friday,Computador
fnac,20191129,Computador Portátil Asus F509FB-58CM1CB1,"[499.99, 649.99]",Black Friday,Computador
fnac,20191129,Computador Portátil Asus F509UB-37AM1SB1,[499.99],Black Friday,Computador
fnac,20191129,Computador Portátil Asus Laptop X571GT-79A15PB1,[1199.99],Black Friday,Computador
fnac,20191129,Computador Portátil Asus VivoBook X512FB-58AM1SB1,[699.99],Black Friday,Computador
fnac,20191129,Computador Portátil Gaming Acer Nitro 5 AN515-43-R58R Preto,"[639.99, 799.99]",Black Friday,Computador
fnac,20191129,Computador Portátil Gaming Acer Nitro 5 AN515-54-76JN,[1099.99],Black Friday,Computador
fnac,20191129,Computador Portátil Gaming Asus ROG G703GS-78D07CB2,[1999.9],Black Friday,Computador
fnac,20191129,Computador Portátil Gaming Asus ROG Mothership GZ700GX-99D28CP1,[6399.99],Black Friday,Computador
fnac,20191129,Computador Portátil Gaming HP Pavilion 17-cd0001np,[1399.99],Black Friday,Computador
fnac,20191129,Computador Portátil Gaming Lenovo Legion Y540-15IRH-PG0- 901,"[1049.99, 1399.99]",Black Friday,Computador
fnac,20191129,Computador Portátil Gaming MSI GP75 Leopard 9SE-1091PT,[1899.99],Black Friday,Computador
fnac,20191129,Computador Portátil Gaming OMEN by HP 15-dc0056np,[1299.99],Black Friday,Computador
fnac,20191129,Computador Portátil Gaming OMEN by HP 15-dc0057np,[1299.99],Black Friday,Computador
fnac,20191129,Computador Portátil Gaming OMEN by HP 17-an100np,[1399.99],Black Friday,Computador
fnac,20191129,Computador Portátil HP 13-aq0002np,[1199.99],Black Friday,Computador
fnac,20191129,Computador Portátil HP 15-da0011np,[799.99],Black Friday,Computador
fnac,20191129,Computador Portátil HP 15-da1014np,[549.99],Black Friday,Computador
fnac,20191129,Computador Portátil HP 15-da1045np,"[549.99, 749.99]",Black Friday,Computador
fnac,20191129,Computador Portátil HP 15-da1050np,"[499.99, 649.99]",Black Friday,Computador
fnac,20191129,Computador Portátil HP Envy 17-bw0001np,[1499.99],Black Friday,Computador
fnac,20191129,Computador Portátil HP Pavilion 15-cs0007np,[1149.99],Black Friday,Computador
fnac,20191129,Computador Portátil HP Pavilion x360 14-dh0004np,"[449.99, 599.99]",Black Friday,Computador
fnac,20191129,Computador Portátil HP Pavilion x360 14-dh0012np,[749.99],Black Friday,Computador
fnac,20191129,Computador Portátil Innjoo A100 Pro Intel Atom® x5-Z8350 64GB,[199.99],Black Friday,Outros
fnac,20191129,Computador Portátil Insys CD9-G148,[349.99],Black Friday,Outros
fnac,20191129,Computador Portátil Insys WH8-N1560,[349.99],Black Friday,Outros
fnac,20191129,Computador Portátil LG Gram 17Z990-V.AP77P,"[1599.99, 1999.99]",Black Friday,Eletrodomesticos
fnac,20191129,Computador Portátil Lenovo Ideapad C340-14API-301,"[399.99, 499.99]",Black Friday,Computador
fnac,20191129,Computador Portátil Lenovo Ideapad S130-14IGM Intel Celeron N4000 128GB SSD,[399.99],Black Friday,Computador
fnac,20191129,Computador Portátil Lenovo Ideapad S130-14IGM N4000 4GB + Office 365 Pessoal 1 Ano,[289.99],Black Friday,Computador
fnac,20191129,Computador Portátil Lenovo Ideapad S145-15AST,[338.38],Black Friday,Computador
fnac,20191129,Computador Portátil Lenovo Ideapad S340-15API,"[429.99, 699.99]",Black Friday,Computador
fnac,20191129,Computador Portátil Lenovo Legion Y740-17ICHg i7-8750H 32GB NVIDIA GeForce RTX 2070,[2249.99],Black Friday,Computador
fnac,20191129,Computador Portátil Lenovo YOGA Book C930,[1432.78],Black Friday,Computador
fnac,20191129,Computador Portátil Lenovo Yoga 330-11IGM-987 Celeron N4000 4GB + Office 365 Pessoal 1 Ano,[421.07],Black Friday,Computador
fnac,20191129,Computador Portátil Lenovo Yoga S730-13IWL i7-8565U 1TB SSD,[1799.99],Black Friday,Computador
fnac,20191129,Computador Portátil Lenovo ideapad D330-10IGM Celeron N4000 4GB,[329.99],Black Friday,Computador
fnac,20191129,Computador Portátil Microsoft Surface Go Pentium Gold 4415Y 128GB 8GB 4G LTE,[749.0],Black Friday,Computador
fnac,20191129,Computador Portátil Microsoft Surface Laptop 3  Platina Core i5 128GB 8GB,"[935.0, 1169.0]",Black Friday,Computador
fnac,20191129,Computador Portátil Microsoft Surface Laptop 3  Preto Core i5 256GB 8GB,"[1199.0, 1499.0]",Black Friday,Computador
fnac,20191129,Computador Portátil Microsoft Surface Pro 6 Platina Core i5 128GB 8GB,"[969.99, 1069.99]",Black Friday,Computador
fnac,20191129,Computador Portátil Microsoft Surface Pro 7 Platina Core i5 128GB 8GB,"[799.0, 1069.0]",Black Friday,Computador
fnac,20191129,Computador Portátil Microsoft Surface Pro 7 Platina Core i5 256GB 8GB,"[1049.0, 1399.0]",Black Friday,Computador
fnac,20191129,Computador Portátil Microsoft Surface Pro 7 Preto Core i5 256GB 8GB,"[1049.0, 1399.0]",Black Friday,Computador
fnac,20191129,Computador Portátil Microsoft Surface Pro X 13 Preto SQ1 128GB 8GB 4G,[1169.0],Black Friday,Computador
fnac,20191129,Computador Portátil Microsoft Surface Pro X 13 Preto SQ1 256GB 16GB 4G,[1699.0],Black Friday,Computador
fnac,20191129,Computador Portátil Microsoft Surface Pro X 13 Preto SQ1 256GB 8GB 4G,[1499.0],Black Friday,Computador
fnac,20191129,Consola Nintendo Switch Cinzento,[366.82],Black Friday,Outros
fnac,20191129,Consola Nintendo Switch Lite 32GB Amarelo,[219.99],Black Friday,Outros
fnac,20191129,Consola Nintendo Switch Lite 32GB Turquesa,[198.99],Black Friday,Outros
fnac,20191129,Consola Nintendo Switch Neon,[366.12],Black Friday,Outros
fnac,20191129,Consola Sony PS4 Pro 1TB + Death Stranding Edição Especial,[499.99],Black Friday,Consola
fnac,20191129,Consola Sony PS4 Pro 1TB + Fifa 20,[429.99],Black Friday,Consola
fnac,20191129,Consola Sony PS4 Pro 1TB + Voucher Fortnite,[338.0],Black Friday,Consola
fnac,20191129,Consola Sony PS4 Slim 1TB + Death Stranding,"[249.0, 349.99]",Black Friday,Consola
fnac,20191129,Consola Sony PS4 Slim 1TB + Horizon Zero Dawn + God Of War + The Last Of Us,"[249.0, 349.99]",Black Friday,Consola
fnac,20191129,Consola Sony PS4 Slim 500GB + Voucher Fortnite,[229.0],Black Friday,Consola
fnac,20191129,Crash Team Racing Nitro-Fueled PS4 Jogo,[49.99],Black Friday,Consola
fnac,20191129,Cyberpunk 2077 Collectors Edition PS4 Jogo,"[195.49, 229.99]",Black Friday,Consola
fnac,20191129,Cyberpunk 2077 Collectors Edition Xbox One Jogo,"[195.49, 229.99]",Black Friday,Consola
fnac,20191129,Death Stranding Collectors Edition PS4 Jogo,[199.99],Black Friday,Consola
fnac,20191129,Death Stranding Special Edition PS4 Jogo,[79.99],Black Friday,Consola
fnac,20191129,Desktop HP Pavilion TP01-0019np,"[449.99, 599.99]",Black Friday,Computador
fnac,20191129,Doom Eternal Collectors Edition PS4 Jogo,"[191.24, 224.99]",Black Friday,Consola
fnac,20191129,Doom Eternal Deluxe Edition PS4 Jogo,"[84.99, 99.99]",Black Friday,Consola
fnac,20191129,Doom Eternal Xbox One Jogo,"[59.49, 69.99]",Black Friday,Consola
fnac,20191129,Dragon Quest XI: Echoes of an Elusive Age Nintendo Switch Jogo,"[47.99, 59.99]",Black Friday,Outros
fnac,20191129,Elden Ring PS4 Jogo,"[59.49, 69.99]",Black Friday,Consola
fnac,20191129,Elden Ring Xbox One Jogo,"[59.49, 69.99]",Black Friday,Consola
fnac,20191129,FIFA 20 PS4 Jogo,"[49.99, 69.99]",Black Friday,Consola
fnac,20191129,GRID PS4 Jogo,"[49.99, 69.99]",Black Friday,Consola
fnac,20191129,GRID Ultimate Edition Xbox One Jogo,[89.99],Black Friday,Consola
fnac,20191129,GRID Xbox One Jogo,"[49.99, 69.99]",Black Friday,Consola
fnac,20191129,God of War Playstation Hits PS4 Jogo,[24.99],Black Friday,Consola
fnac,20191129,Gods & Monsters Nintendo Switch Jogo,"[59.49, 69.99]",Black Friday,Outros
fnac,20191129,Gods & Monsters Xbox One Jogo,"[59.49, 69.99]",Black Friday,Consola
fnac,20191129,HP Stream 11-d001np (Azul Céu),[289.99],Black Friday,Computador
fnac,20191129,HP Stream 11-r000np (Azul Cobalto),[299.99],Black Friday,Computador
fnac,20191129,HP x2 10-p000np,[299.99],Black Friday,Computador
fnac,20191129,Halo Infinite Xbox One Jogo,"[59.5, 70.0]",Black Friday,Consola
fnac,20191129,Indivisible Xbox One Jogo,[39.99],Black Friday,Consola
fnac,20191129,Just Dance 2020 Nintendo Switch Jogo,"[31.99, 39.99]",Black Friday,Outros
fnac,20191129,Just Dance 2020 PS4 Jogo,"[39.99, 49.99]",Black Friday,Consola
fnac,20191129,Just Dance 2020 Xbox One Jogo,"[39.99, 49.99]",Black Friday,Consola
fnac,20191129,Knack 2 PS4 Jogo,"[9.99, 37.0]",Black Friday,Consola
fnac,20191129,Mario & Sonic at the Olympic Games Tokyo 2020 Nintendo Switch Jogo,"[47.99, 59.99]",Black Friday,Outros
fnac,20191129,Marvel Spider-Man PS4 Jogo,"[19.99, 39.99]",Black Friday,Consola
fnac,20191129,Marvels Avengers PS4 Jogo,"[59.49, 69.99]",Black Friday,Consola
fnac,20191129,Marvels Avengers Xbox One Jogo,"[59.49, 69.99]",Black Friday,Consola
fnac,20191129,Medievil Remastered PS4 Jogo,[29.99],Black Friday,Consola
fnac,20191129,Microsoft Surface Go Pentium Gold 4415Y 128GB 8GB,[666.76],Black Friday,Computador
fnac,20191129,Microsoft Surface Go Pentium Gold 4415Y 64GB 4GB,[459.0],Black Friday,Computador
fnac,20191129,Need For Speed: Heat PS4 Jogo,"[50.99, 69.99]",Black Friday,Consola
fnac,20191129,Need For Speed: Heat Xbox One Jogo,"[50.99, 69.99]",Black Friday,Consola
fnac,20191129,Novo iPad Apple  + Cellular 128GB Cinzento Sideral 2019,[639.0],Black Friday,Tablet
fnac,20191129,Novo iPad Apple  128GB Cinzento Sideral 2019,[499.0],Black Friday,Tablet
fnac,20191129,Novo iPad Apple  128GB Dourado 2019,[499.0],Black Friday,Tablet
fnac,20191129,Novo iPad Apple  128GB Prateado 2019,[499.0],Black Friday,Tablet
fnac,20191129,Novo iPad Apple  32GB Cinzento Sideral 2019,"[349.0, 399.0]",Black Friday,Tablet
fnac,20191129,Novo iPad Apple  32GB Dourado 2019,"[349.0, 399.0]",Black Friday,Tablet
fnac,20191129,Novo iPad Apple  32GB Prateado 2019,"[349.0, 399.0]",Black Friday,Tablet
fnac,20191129,Pack Fnac Lenovo Ideapad S130-14IGM + Mochila + Rato + Office 365 1 ano,[309.66],Black Friday,Computador
fnac,20191129,Plants vs Zombies Battle for Neighborville PS4 Jogo,"[30.99, 39.99]",Black Friday,Consola
fnac,20191129,Plants vs Zombies Battle for Neighborville Xbox One Jogo,"[30.99, 39.99]",Black Friday,Consola
fnac,20191129,Pokémon Shield Nintendo Switch Jogo,"[47.99, 59.99]",Black Friday,Outros
fnac,20191129,Pokémon Sword & Shield Pack Nintendo Switch Jogo,"[95.99, 119.99]",Black Friday,Outros
fnac,20191129,Pokémon Sword Nintendo Switch Jogo,"[47.99, 59.99]",Black Friday,Outros
fnac,20191129,Portátil ASUS E203MA-FD048TS N4000 64GB  Preto,[296.95],Black Friday,Computador
fnac,20191129,Portátil Gaming Asus ROG G703GS-78D07CB1,[2863.07],Black Friday,Computador
fnac,20191129,Portátil Gaming Asus ROG GL703VD-77A05,[1699.99],Black Friday,Computador
fnac,20191129,Portátil HP x2 10-p001np,[299.99],Black Friday,Computador
fnac,20191129,Portátil Híbrido ASUS T103HAF Mini x5-Z8350 4GB  Cinzento,[436.89],Black Friday,Computador
fnac,20191129,Portátil Híbrido Lenovo D330 N5000 4GB  Cinzento,[420.7],Black Friday,Computador
fnac,20191129,Red Dead Redemption 2 PS4 Jogo,"[29.99, 64.99]",Black Friday,Consola
fnac,20191129,Ring Fit Adventure Nintendo Switch Jogo,"[63.99, 79.99]",Black Friday,Outros
fnac,20191129,Saber é Poder Playlink PS4 Jogo,[22.99],Black Friday,Consola
fnac,20191129,Sony Comando DualShock 4 V2 Glacier White PS4,[56.82],Black Friday,Acessorios
fnac,20191129,Sony Comando DualShock 4 V2 Gold PS4,[66.84],Black Friday,Acessorios
fnac,20191129,Sony Comando DualShock 4 V2 Magma Red PS4,[51.6],Black Friday,Acessorios
fnac,20191129,Sony Comando Dualshock 4 Red Camouflage PS4,[51.6],Black Friday,Acessorios
fnac,20191129,Sony PS4 Dualshock 4 Crystal,[69.99],Black Friday,Consola
fnac,20191129,Star Wars Jedi: Fallen Order Deluxe Edition PS4 Jogo,[91.64],Black Friday,Consola
fnac,20191129,Star Wars Jedi: Fallen Order PS4 Jogo,[71.99],Black Friday,Consola
fnac,20191129,Star Wars Jedi: Fallen Order Xbox One Jogo,[71.99],Black Friday,Consola
fnac,20191129,Tablet Alcatel 1T  8GB Premium Black,"[44.99, 69.99]",Black Friday,Tablet
fnac,20191129,Tablet Huawei MediaPad M5 Lite  64GB,[319.99],Black Friday,Tablet
fnac,20191129,Tablet Huawei MediaPad T3 10 16GB Space Gray,"[144.99, 199.99]",Black Friday,Tablet
fnac,20191129,Tablet Huawei MediaPad T5  32GB,"[169.99, 249.99]",Black Friday,Tablet
fnac,20191129,Tablet Huawei MediaPad T5  64GB Preto,"[199.99, 279.99]",Black Friday,Tablet
fnac,20191129,Tablet Innjoo F702 7 16GB Preto,[59.99],Black Friday,Tablet
fnac,20191129,Tablet Innjoo SuperB 10.1 3G 32GB Preto,[119.99],Black Friday,Tablet
fnac,20191129,Tablet Innjoo Time2  16GB 3G Preto,"[64.99, 89.99]",Black Friday,Tablet
fnac,20191129,"Tablet Lenovo Tab E7 TB-7104F 7"" 16GB",[99.99],Black Friday,Tablet
fnac,20191129,Tablet Samsung Galaxy Tab S5e  T720 128GB Prateado,[449.99],Black Friday,Tablet
fnac,20191129,Tablet Samsung Galaxy Tab S5e  T720 64GB Preto,[364.94],Black Friday,Tablet
fnac,20191129,Tablet Samsung Galaxy Tab S6  T860 128GB Rose Blush,"[649.99, 749.99]",Black Friday,Tablet
fnac,20191129,Tablet Samsung Galaxy Tab S6  T860 256GB Mountain Gray,[669.99],Black Friday,Tablet
fnac,20191129,Tablet Samsung T290 Galaxy Tab A 2019  32GB Cinzento,"[129.99, 169.99]",Black Friday,Tablet
fnac,20191129,Tablet Samsung T290 Galaxy Tab A 2019  32GB Preto,"[129.99, 169.99]",Black Friday,Tablet
fnac,20191129,Tablet Samsung T510 Galaxy Tab A  32GB Prateado,"[159.99, 219.99]",Black Friday,Tablet
fnac,20191129,Tablet Samsung T510 Galaxy Tab A  32GB Preto,"[159.99, 219.99]",Black Friday,Tablet
fnac,20191129,Tablet Samsung T590 Galaxy Tab A 10.5 32GB Cinzento,"[219.99, 299.99]",Black Friday,Tablet
fnac,20191129,Tablet Samsung T590 Galaxy Tab A 10.5 32GB Preto,"[219.99, 299.99]",Black Friday,Tablet
fnac,20191129,The Last of Us 2 Edição Colecionador PS4 Jogo,[179.99],Black Friday,Consola
fnac,20191129,The Last of Us 2 Edição Especial PS4 Jogo,[89.99],Black Friday,Consola
fnac,20191129,The Last of Us 2 Standard Capa Reversível PS4 Jogo,"[59.49, 69.99]",Black Friday,Acessorios
fnac,20191129,The Legend of Zelda: Breath of the Wild Nintendo Switch Jogo,"[55.99, 69.99]",Black Friday,Outros
fnac,20191129,The Witcher 3: Wild Hunt Complete Edition Nintendo Switch Jogo,"[40.79, 50.99]",Black Friday,Outros
fnac,20191129,Tom Clancy’s Ghost Recon Breakpoint Ultimate Edition Xbox One Jogo,"[59.99, 119.99]",Black Friday,Consola
fnac,20191129,Tom Clancy’s Ghost Recon Breakpoint Xbox One Jogo,"[34.99, 69.99]",Black Friday,Consola
fnac,20191129,Tom Clancy’s Ghost Recon: Breakpoint Gold Edition Xbox One Jogo,"[49.99, 99.99]",Black Friday,Consola
fnac,20191129,WRC 8 Nintendo Switch Jogo,"[47.99, 59.99]",Black Friday,Outros
fnac,20191129,Watch Dogs: Legion Gold Edition Xbox One Jogo,"[84.99, 99.99]",Black Friday,Consola
fnac,20191129,Watch Dogs: Legion PS4 Jogo,"[59.49, 69.99]",Black Friday,Consola
fnac,20191129,Watch Dogs: Legion Resistance Edition PS4 Jogo,"[59.49, 69.99]",Black Friday,Consola
fnac,20191129,Watch Dogs: Legion Resistance Edition Xbox One Jogo,"[59.49, 69.99]",Black Friday,Consola
fnac,20191129,Watch Dogs: Legion Ultimate Edition Xbox One Jogo,"[101.99, 119.99]",Black Friday,Consola
fnac,20191129,Watch Dogs: Legion Xbox One Jogo,"[59.49, 69.99]",Black Friday,Consola
fnac,20191129,Zumba: Burn It Up Nintendo Switch Jogo,"[31.99, 39.99]",Black Friday,Outros
fnac,20201130,Smartphone Huawei P40 Pro 5G 256GB Cinzento SmartPhone,[1049.99],Sem Promocao,Smartphone
fnac,20201201,Smartphone Huawei P40 Pro 5G 256GB Cinzento SmartPhone,[1049.99],Sem Promocao,Smartphone
pcdiga,20170214,Consola Microsoft Xbox One 1TB Call of Duty: Advanced Warfare,[489.9],Sem Promocao,Consola
pcdiga,20170214,Consola Microsoft Xbox One 500 GB (5C5-00013),[239.9],Sem Promocao,Consola
pcdiga,20170214,Consola Microsoft Xbox One 500GB+Kinect+Assassins Creed,[389.9],Sem Promocao,Consola
pcdiga,20170214,Consola Microsoft Xbox One S 500GB + Battlefield 1,[289.9],Sem Promocao,Consola
pcdiga,20170214,Consola Microsoft Xbox One S 500GB + Fifa 17,[299.9],Sem Promocao,Consola
pcdiga,20170214,Microsoft Xbox One 1TB Rainbow Six Siege,[269.9],Sem Promocao,Consola
pcdiga,20170214,Microsoft Xbox One 1TB Tom Clancys The Division,[349.9],Sem Promocao,Consola
pcdiga,20170214,Microsoft Xbox One 500GB + Quantum Break,[299.9],Sem Promocao,Consola
pcdiga,20171217,Consola Microsoft Xbox One 1TB Call of Duty: Advanced Warfare,[489.9],Sem Promocao,Consola
pcdiga,20171217,Microsoft Xbox One 1TB Rainbow Six Siege,[269.9],Sem Promocao,Consola
pcdiga,20171217,Microsoft Xbox One 1TB Tom Clancys The Division,[349.9],Sem Promocao,Consola
pcdiga,20171217,Microsoft Xbox One 500GB + Quantum Break,[299.9],Sem Promocao,Consola
pcdiga,20181102,Samsung Galaxy S8+ Starter Kit 1 Outros Acessórios Mobilidade,[39.9],Sem Promocao,Smartphone
pcdiga,20181102,Samsung Galaxy S8+ Starter Kit 2 Outros Acessórios Mobilidade,[44.9],Sem Promocao,Smartphone
pcdiga,20181107,Smartphone Apple iPhone XS 256GB Dourado,[1349.0],Sem Promocao,Smartphone
pcdiga,20181107,Smartphone Apple iPhone XS 64GB Prateado,[1179.0],Sem Promocao,Smartphone
pcdiga,20181107,Smartphone Huawei Mate 20 Pro  128GB Preto,[1049.0],Sem Promocao,Smartphone
pcdiga,20190325,Smartphone Apple iPhone 7 128GB Prateado,[649.0],Sem Promocao,Smartphone
pcdiga,20190325,Smartphone Apple iPhone 7 32GB Dourado,[469.9],Sem Promocao,Smartphone
pcdiga,20190325,Smartphone Apple iPhone 8 64GB Dourado,[619.0],Sem Promocao,Smartphone
pcdiga,20190325,Smartphone Apple iPhone 8 64GB Prateado,[619.0],Sem Promocao,Smartphone
pcdiga,20190325,Smartphone Apple iPhone X 256GB Prateado,[1199.0],Sem Promocao,Smartphone
pcdiga,20190325,Smartphone Apple iPhone X 64GB Prateado,[999.0],Sem Promocao,Smartphone
pcdiga,20190325,Smartphone Apple iPhone XR 128GB Preto,[799.0],Sem Promocao,Smartphone
pcdiga,20190325,Smartphone Apple iPhone XR 256GB Preto,[1049.0],Sem Promocao,Smartphone
pcdiga,20190325,Smartphone Apple iPhone XS 256GB Cinzento Sideral,[1349.0],Sem Promocao,Smartphone
pcdiga,20190325,Smartphone Apple iPhone XS 256GB Prateado,[1349.0],Sem Promocao,Smartphone
pcdiga,20190325,Smartphone Samsung Galaxy S10+  128GB Verde,[1019.0],Sem Promocao,Smartphone
pcdiga,20190426,Smartphone Huawei Mate 20 X  128GB Azul,[729.0],Sem Promocao,Smartphone
pcdiga,20190426,Smartphone Samsung Galaxy S10+  128GB Branco,[1019.0],Sem Promocao,Smartphone
pcdiga,20190902,Smartphone Xiaomi Mi 9  6GB/128GB Preto,[459.9],Sem Promocao,Smartphone
pcdiga,20190902,Smartphone Xiaomi Mi 9  6GB/64GB Preto,[409.9],Sem Promocao,Smartphone
pcdiga,20201127,Película de Protecção 3MK Antimicrobiana Silver Protection+ Xiaomi Redmi Note 9,[11.9],Black Friday,Acessorios
pcdiga,20201127,Smartphone Blackview BV6300 Pro  6GB/128GB Preto,[239.9],Black Friday,Smartphone
pcdiga,20201127,Smartphone Huawei Mate 40 Pro  8GB/256GB Prateado,[1249.0],Black Friday,Smartphone
pcdiga,20201127,Smartphone Huawei P Smart 2021  4GB/128GB Dourado,[259.9],Black Friday,Smartphone
pcdiga,20201127,Smartphone Huawei P Smart 2021  4GB/128GB Preto,[259.9],Black Friday,Smartphone
pcdiga,20201127,Smartphone Huawei P Smart 2021  4GB/128GB Verde,[259.9],Black Friday,Smartphone
pcdiga,20201127,Smartphone Motorola G9 Play  4GB/64GB Azul,[149.9],Black Friday,Smartphone
pcdiga,20201127,Smartphone Motorola Moto E7 Plus  4GB/64GB Azul,[129.9],Black Friday,Smartphone
pcdiga,20201127,Smartphone Motorola Moto G9 Plus  4GB/128GB Azul,[219.9],Black Friday,Smartphone
pcdiga,20201127,Smartphone OnePlus Nord N100  4GB/64GB Midnight Frost,[199.0],Black Friday,Smartphone
pcdiga,20201127,Smartphone Oppo A15  3GB/32GB Dynamic Black,[169.9],Black Friday,Smartphone
pcdiga,20201127,Smartphone Oppo A15  3GB/32GB Mystery Blue,[169.9],Black Friday,Smartphone
pcdiga,20201127,Smartphone Oppo A53  4GB/64GB Electric Black,[189.0],Black Friday,Smartphone
pcdiga,20201127,Smartphone Oppo A53  4GB/64GB Mint Cream,[189.0],Black Friday,Smartphone
pcdiga,20201127,Smartphone Oppo A53s  4GB/128GB Electric Black,[219.0],Black Friday,Smartphone
pcdiga,20201127,Smartphone Oppo A53s  4GB/128GB Fancy Blue,[219.0],Black Friday,Smartphone
pcdiga,20201127,Smartphone Oppo Reno 4 5G  8GB/128GB Galactic Blue,[599.0],Black Friday,Smartphone
pcdiga,20201127,Smartphone Oppo Reno 4 5G  8GB/128GB Space Black,[599.0],Black Friday,Smartphone
pcdiga,20201127,Smartphone Oppo Reno 4 Pro 5G  12GB/256GB Galactic Blue,[799.0],Black Friday,Smartphone
pcdiga,20201127,Smartphone Oppo Reno 4 Pro 5G  12GB/256GB Space Black,[799.0],Black Friday,Smartphone
pcdiga,20201127,Smartphone Oppo Reno 4 Z 5G  8GB/128GB Dew White,[399.0],Black Friday,Smartphone
pcdiga,20201127,Smartphone Oppo Reno 4 Z 5G  8GB/128GB Ink Black,[399.0],Black Friday,Smartphone
pcdiga,20201127,Smartphone TCL 10 Plus  6GB/256GB Azul,[399.9],Black Friday,Smartphone
pcdiga,20201127,Smartphone TCL 10 Plus  6GB/256GB Cinzento,[399.9],Black Friday,Smartphone
pcdiga,20201127,Smartphone Xiaomi Mi 10T 5G  6GB/128GB Cosmic Black,[439.9],Black Friday,Smartphone
pcdiga,20201127,Smartphone Xiaomi Mi 10T 5G  6GB/128GB Lunar Silver,[439.0],Black Friday,Smartphone
pcdiga,20201127,Smartphone Xiaomi Mi 10T Lite 5G  6GB/128GB Atlantic Blue,[319.9],Black Friday,Smartphone
pcdiga,20201127,Smartphone Xiaomi Mi 10T Lite 5G  6GB/128GB Pearl Gray,[319.9],Black Friday,Smartphone
pcdiga,20201127,Smartphone Xiaomi Mi 10T Lite 5G  6GB/128GB Rose Gold Beach,[319.9],Black Friday,Smartphone
pcdiga,20201127,Smartphone Xiaomi Mi 10T Lite 5G  6GB/64GB Atlantic Blue,[329.0],Black Friday,Smartphone
pcdiga,20201127,Smartphone Xiaomi Mi 10T Lite 5G  6GB/64GB Pearl Gray,[329.0],Black Friday,Smartphone
pcdiga,20201127,Smartphone Xiaomi Mi 10T Lite 5G  6GB/64GB Rose Gold Beach,[329.0],Black Friday,Smartphone
pcdiga,20201127,Smartphone Xiaomi Mi 10T Pro 5G  8GB/128GB Lunar Silver,[599.0],Black Friday,Smartphone
pcdiga,20201127,Smartphone Xiaomi Mi 10T Pro 5G  8GB/256GB Cosmic Black,[649.0],Black Friday,Smartphone
pcdiga,20201127,Smartphone Xiaomi Mi 10T Pro 5G  8GB/256GB Lunar Silver,[649.0],Black Friday,Smartphone
pcdiga,20201127,Smartphone Xiaomi Redmi Note 9  3GB/64GB Preto,[158.9],Black Friday,Smartphone
pcdiga,20201130,Smartphone Samsung Galaxy S20  8GB/128GB Azul,[929.9],Sem Promocao,Smartphone
pcdiga,20201201,Smartphone Samsung Galaxy S20  8GB/128GB Azul,[929.9],Sem Promocao,Smartphone
staples,20160220,Apple iPhone 6 16GB Prateado,[649.0],Sem Promocao,Smartphone
staples,20160220,Apple iPhone 6 16Gb Space Gray,[649.0],Sem Promocao,Smartphone
staples,20170226,Apple iPhone 7 128Gb Black,[779.67],Sem Promocao,Smartphone
staples,20170226,Apple iPhone 7 32Gb Gold,[633.33],Sem Promocao,Smartphone
staples,20180720,"Apple iPhone 8, 4,7"", 256 GB, Dourado",[820.33],Sem Promocao,Smartphone
staples,20180720,"Apple iPhone 8, 4,7”, 64 GB, Dourado",[673.98],Sem Promocao,Smartphone
staples,20190324,Sony Jogo Playstation 4 DRIVECLUB™,[16.25],Sem Promocao,Consola
staples,20190324,Sony Jogo Playstation 4 LittleBigPlanet™ 3,[16.25],Sem Promocao,Consola
worten,20141022,Jogos Xbox One,[49.99],Sem Promocao,Consola
worten,20170223,Smartphone HUAWEI P8 Lite Preto,"[199.99, 229.99]",Sem Promocao,Smartphone
worten,20180720,Smartphone APPLE iPhone 8 64GB Dourado,[829.99],Sem Promocao,Smartphone
worten,20180720,Smartphone APPLE iPhone 8 64GB Prateado,[829.99],Sem Promocao,Smartphone
worten,20180720,Smartphone APPLE iPhone X 256GB Cinzento sideral,[1359.0],Sem Promocao,Smartphone
worten,20180720,Smartphone APPLE iPhone X 64GB Prateado,[1179.0],Sem Promocao,Smartphone
worten,20180720,Smartphone HUAWEI P20 128GB Azul,"[579.99, 699.99]",Sem Promocao,Smartphone
worten,20180720,Smartphone HUAWEI P20 128GB Preto,"[579.99, 699.99]",Sem Promocao,Smartphone
worten,20180720,Smartphone SAMSUNG Galaxy S8 64 GB Prateado,"[585.99, 719.99]",Sem Promocao,Smartphone
worten,20180720,Smartphone SAMSUNG Galaxy S9 64 GB Azul,[869.99],Sem Promocao,Smartphone
worten,20180720,Smartphone SAMSUNG Galaxy S9+ 64 GB Azul,[969.99],Sem Promocao,Smartphone
worten,20180825,Smartphone SAMSUNG Galaxy S8 64 GB Preto Meia Noite,"[599.99, 719.99]",Sem Promocao,Smartphone
worten,20181109,Consola PS4 Pro 1 TB + Jogo Red Dead Redemption 2,[439.99],Sem Promocao,Consola
worten,20181109,Consola PS4 Pro 1 TB + Voucher Jogo Fortnite,[399.99],Sem Promocao,Consola
worten,20181109,Consola PS4 Red Dead Redemption 2,[349.99],Sem Promocao,Consola
worten,20181109,Consola PS4 Slim 1TB (Edição Especial) + Jogo Gran Turismo Sport Edição Plus,[379.99],Sem Promocao,Consola
worten,20181109,Consola PS4 Slim 1TB + Jogo Marvels Spider-Man,[349.99],Sem Promocao,Consola
worten,20181109,Consola PS4 Slim 1TB Marvels Spider-Man (Edição Limitada),[379.99],Sem Promocao,Consola
worten,20181109,Consola PS4 Slim 500 GB + Jogo Fortnite,[299.99],Sem Promocao,Consola
worten,20181109,Consola PS4 Slim 500GB Preta,[299.99],Sem Promocao,Consola
worten,20181109,Jogo Xbox One FIFA 19 (Champions Edition),[89.99],Sem Promocao,Consola
worten,20181109,Smartphone APPLE iPhone XR 64 GB Preto,[879.99],Sem Promocao,Smartphone
worten,20181109,Smartphone APPLE iPhone XS 256 GB Dourado,[1349.0],Sem Promocao,Smartphone
worten,20181109,Smartphone APPLE iPhone XS 64 GB Prateado,[1179.0],Sem Promocao,Smartphone
worten,20181109,Smartphone HUAWEI Mate 20 Pro 128GB Preto,[1049.0],Sem Promocao,Smartphone
worten,20181109,Xbox One Consolas Xbox,[249.99],Sem Promocao,Consola
worten,20181123,Cadeira Gaming SPARCO Stint Preto e Vermelho,[354.99],Black Friday,Computador
worten,20181123,Cartão Memória MicroSDHC SANDISK 128GB Ultra A1 100MB/s,[19.99],Black Friday,Outros
worten,20181123,Cartão Memória MicroSDHC SANDISK 64GB Ultra A1 100MB/s,[12.99],Black Friday,Outros
worten,20181123,Consola XBOX ONE S 1TB + Fortnite,[149.0],Black Friday,Consola
worten,20181123,"Disco Externo 2,5 SEAGATE Expansion Portable 4TB",[89.0],Black Friday,Outros
worten,20181123,Disco Externo HDD  TOSHIBA USB 3.0 Canvio Basic 1 TB,[49.0],Black Friday,Outros
worten,20181123,Disco Externo HDD  TOSHIBA USB 3.0 Canvio Basic 2 TB,[64.0],Black Friday,Outros
worten,20181123,Disco Externo SEAGATE Backup Plus HUB 6TB,[119.99],Black Friday,Outros
worten,20181123,Disco Externo WD  ELEMENTS 1TB USB 3.0,[69.99],Black Friday,Outros
worten,20181123,Impressora Foto HP Sprocket,[74.99],Black Friday,Computador
worten,20181123,Monitor Gaming LED 24 AOC C24G1,[300.0],Black Friday,Computador
worten,20181123,Monitor LED 24 HP 24O 1ms,[89.0],Black Friday,Computador
worten,20181123,Monitor LED IPS 24 HP 24F,[119.99],Black Friday,Computador
worten,20181123,Pack Portátil HP 14 14-CB055NP,[299.99],Black Friday,Computador
worten,20181123,Pen USB PNY 128GB ATTACHE4 2.0,[18.99],Black Friday,Outros
worten,20181123,Pen USB PNY 64GB Attaché4,[9.99],Black Friday,Outros
worten,20181123,Portátil  LENOVO IdeaPad 330-15IKB-182,[499.99],Black Friday,Computador
worten,20181123,Portátil 14 LENOVO Yoga 530-14IKB,[799.99],Black Friday,Computador
worten,20181123,Portátil Gaming  LENOVO Legion Y530-15ICH-196,[999.0],Black Friday,Computador
worten,20181123,Rato Gaming RAZER Deathadder Elite,[86.32],Black Friday,Computador
worten,20181123,Recondicionado Coluna Hi-Fi NAIM Muso QB,[499.99],Black Friday,Outros
worten,20181123,Recondicionado Smartphone Samsung Galaxy S7 32GB Prateado,[299.99],Black Friday,Smartphone
worten,20181123,Recondicionado Smartphone Samsung Galaxy S7 32GB Preto,[299.99],Black Friday,Smartphone
worten,20181123,Recondicionado Smartphone Samsung Galaxy S7 Edge 32GB Dourado,[379.99],Black Friday,Smartphone
worten,20181123,Recondicionado Smartphone Samsung Galaxy S7 Edge 32GB Rosa,[379.99],Black Friday,Smartphone
worten,20181123,Recondicionado Smartphone Samsung Galaxy S8 64GB Dourado,[449.99],Black Friday,Smartphone
worten,20181123,Recondicionado Smartphone Samsung Galaxy S8 64GB Preto,[449.99],Black Friday,Smartphone
worten,20181123,Recondicionado Smartphone iPhone 6 16GB Cinzento sideral,[179.99],Black Friday,Smartphone
worten,20181123,Recondicionado Smartphone iPhone 6 64GB Cinzento sideral,[259.99],Black Friday,Smartphone
worten,20181123,Recondicionado Smartphone iPhone 6 64GB Dourado,[259.99],Black Friday,Smartphone
worten,20181123,Recondicionado Smartphone iPhone 6 64GB Prateado,[259.99],Black Friday,Smartphone
worten,20181123,Recondicionado Smartphone iPhone 6s 16GB Cinzento Sideral,[249.99],Black Friday,Smartphone
worten,20181123,Recondicionado Smartphone iPhone 6s 16GB Prateado,[249.99],Black Friday,Smartphone
worten,20181123,Recondicionado Smartphone iPhone 6s 16GB Rosa Dourado,[249.99],Black Friday,Smartphone
worten,20181123,Recondicionado Smartphone iPhone 6s 32GB Cinzento sideral,[289.99],Black Friday,Smartphone
worten,20181123,Recondicionado Smartphone iPhone 6s 64GB Dourado,[319.99],Black Friday,Smartphone
worten,20181123,Recondicionado Smartphone iPhone 7 128GB Prateado,[449.99],Black Friday,Smartphone
worten,20181123,Recondicionado Smartphone iPhone 7 128GB Preto,[449.99],Black Friday,Smartphone
worten,20181123,Recondicionado Smartphone iPhone 7 32GB Preto,[379.99],Black Friday,Smartphone
worten,20181123,Recondicionado Smartphone iPhone 7 Plus 128GB Preto,[559.99],Black Friday,Smartphone
worten,20181123,Recondicionado Smartphone iPhone 8 64GB Dourado,[579.99],Black Friday,Smartphone
worten,20181123,Recondicionado Smartphone iPhone SE 16GB Dourado,[199.99],Black Friday,Smartphone
worten,20181123,Recondicionado Smartphone iPhone SE 16GB Prateado,[199.99],Black Friday,Smartphone
worten,20181123,Recondicionado Smartphone iPhone SE 16GB Rosa Dourado,[199.99],Black Friday,Smartphone
worten,20181123,Tablet  HUAWEI M5 32GB Cinzento,[299.99],Black Friday,Tablet
worten,20181123,Tablet  SAMSUNG TAB A 32 GB Cinzento,[176.0],Black Friday,Tablet
worten,20181123,Tablet 7 ALCATEL 1T 8GB,[44.0],Black Friday,Tablet
worten,20181123,iPad  APPLE 32 GB Cinzento Sideral,[312.7],Black Friday,Tablet
worten,20181123,iPad  APPLE 32 GB Dourado,[315.65],Black Friday,Tablet
worten,20181123,iPad  APPLE 32 GB Prateado,[297.0],Black Friday,Tablet
worten,20190130,Consola 1TB Pro + Kingdom Hearts III,[469.99],Sem Promocao,Outros
worten,20190130,Consola PS4 Pro 1TB Preta,[399.99],Sem Promocao,Consola
worten,20190130,Consola PS4 Slim 1TB Preta + 2 Comandos Dualshock 4,[349.99],Sem Promocao,Acessorios
worten,20190130,Consola PS4 Slim 500 GB + Jogo Fortnite,[376.09],Sem Promocao,Consola
worten,20190130,Consola PS4 Slim 500 GB Days of Play,[598.0],Sem Promocao,Consola
worten,20190130,Consola PS4 Slim 500GB Preta,[323.16],Sem Promocao,Consola
worten,20190902,Smartphone HUAWEI P30 Pro ( 8 GB 128 GB Preto),"[849.99, 999.99]",Sem Promocao,Smartphone
worten,20190902,Smartphone XIAOMI Mi 9 ( 6 GB 64 GB Preto),[379.99],Sem Promocao,Smartphone
worten,20191014,Volante XBOX ONE Racing Wheel Overdrive,[109.99],Sem Promocao,Acessorios
worten,20191121,Consola XBOX ONE S + 2º comando (1 TB Branco),[362.5],Sem Promocao,Acessorios
worten,20191121,Consola XBOX ONE S 1 TB + Jogo Anthem (M16),[150.0],Sem Promocao,Consola
worten,20191121,Consola XBOX ONE S 1TB All Digital Edition (M12),[229.99],Sem Promocao,Consola
worten,20191121,Consola XBOX ONE S FIFA 17 (500 GB Branco),[368.56],Sem Promocao,Consola
worten,20191121,Consola XBOX ONE S Fortnite (1 TB Branco),[302.2],Sem Promocao,Consola
worten,20191121,Consola XBOX ONE S Forza Horizon 4 (1 TB Branco),[289.99],Sem Promocao,Consola
worten,20191121,Consola XBOX ONE S Minecraft (1 TB Branco),[404.69],Sem Promocao,Consola
worten,20191121,Consola XBOX ONE S Minecraft Story Mode (500 GB Branco),[377.11],Sem Promocao,Consola
worten,20191121,Consola XBOX ONE X + Jogo Fall Out (1 TB Branco),[420.91],Sem Promocao,Consola
worten,20191121,Consola XBOX ONE X + Tom Clancys The Division 2 (1TB M18),[499.99],Sem Promocao,Consola
worten,20191121,Consola XBOX ONE X Forza Horizon 4 + Motorsport 7 (1 TB Preto),[727.87],Sem Promocao,Consola
worten,20191121,Consola XBOX ONE X Lannister Battlefield (1 TB Preto),[499.99],Sem Promocao,Consola
worten,20191121,Consola XBOX ONE X Metro Exodus (1 TB Preto),[499.99],Sem Promocao,Consola
worten,20191121,Consola Xbox One S + Jogo Gears of War 5 (1 TB + Branco),[150.0],Sem Promocao,Consola
worten,20191121,Consola Xbox One S + Jogo Tom Clancys The Division 2 (1 TB M18),[150.0],Sem Promocao,Consola
worten,20191121,Consola Xbox One S 1TB Roxa + Fortnite Battle Royale Special Edition,[440.77],Sem Promocao,Consola
worten,20191121,Consola Xbox One S Forza Horizon 4: Lego (1 TB Branco),[150.0],Sem Promocao,Consola
worten,20191121,Consola Xbox One S Game Pass 3 M (1 TB Branco),[327.62],Sem Promocao,Consola
worten,20191121,Consola Xbox One S GreyJoy Battlefield V (1 TB Branco),[150.0],Sem Promocao,Consola
worten,20191121,Consola Xbox One S Minecraft Master Creators (1 TB Branco),[347.74],Sem Promocao,Consola
worten,20191121,Consola Xbox One S Playerunknowns Battleground (1 TB Branco),[227.85],Sem Promocao,Consola
worten,20191121,Consola Xbox One S Star Wars Jedi: Fallen Order (1 TB Branco),[150.0],Sem Promocao,Consola
worten,20191121,Consola Xbox One X + Jogo Gears of War 5 (1 TB + Preto),[499.99],Sem Promocao,Consola
worten,20191121,Consola Xbox One X Star Wars Jedi: Fallen Order (1 TB Preto),[499.99],Sem Promocao,Consola
worten,20191129,APPLE iPad ( 32 GB Prateado),[450.89],Black Friday,Tablet
worten,20191129,iPad APPLE 2019 Cinzento Sideral ( 128 GB Chip A10 Fusion),[511.99],Black Friday,Tablet
worten,20191129,iPad APPLE 2019 Cinzento Sideral ( 32 GB Chip A10 Fusion),[346.0],Black Friday,Tablet
worten,20191129,iPad APPLE 2019 Dourado ( 32 GB Chip A10 Fusion),[399.99],Black Friday,Tablet
worten,20191129,iPad APPLE 2019 Prateado ( 32 GB Chip A10 Fusion),[399.99],Black Friday,Tablet
worten,20191129,iPad APPLE Cinzento Sideral MR7F2TY/A ( 32 GB Chip A10 Fusion),[417.83],Black Friday,Tablet
worten,20191129,iPad APPLE Cinzento Sideral MR7J2TY/A ( 128 GB Chip A10 Fusion),[462.81],Black Friday,Tablet
worten,20191129,iPad Air APPLE 2019 Cinzento Sideral ( 64 GB Chip A12 Bionic),[604.99],Black Friday,Tablet
worten,20191129,iPad Air APPLE 2019 Cinzento Sideral MUUQ2TY/A ( 256 GB Chip A12 Bionic),[682.49],Black Friday,Tablet
worten,20191129,iPad Air APPLE 2019 Cinzento Sideral MV0D2TY/A ( 64 GB Chip A12 Bionic + Cellular),[719.99],Black Friday,Tablet
worten,20191129,iPad Air APPLE 2019 Cinzento Sideral MV0N2TY/A ( 256 GB Chip A12 Bionic + Cellular),[889.99],Black Friday,Tablet
worten,20191129,iPad Air APPLE 2019 Dourado MUUT2TY/A ( 256 GB Chip A12 Bionic),[682.49],Black Friday,Tablet
worten,20191129,iPad Air APPLE 2019 Prateado MUUK2TY/A ( 64 GB Chip A12 Bionic),[609.99],Black Friday,Tablet
worten,20191129,iPad Air APPLE 2019 Prateado MUUR2TY/A ( 256 GB Chip A12 Bionic),[734.29],Black Friday,Tablet
worten,20191129,iPad Pro APPLE 2018 Cinzento Sideral MTEL2TY/A ( 64 GB Chip A12X Bionic + Cellular),[1182.67],Black Friday,Tablet
worten,20191129,iPad Pro APPLE 2018 Cinzento Sideral MTFL2TY/A ( 256 GB Chip A12X Bionic),[1299.0],Black Friday,Tablet
worten,20191129,iPad Pro APPLE 2018 Cinzento Sideral MTXN2TY/A (11 64 GB Chip A12X Bionic),[909.99],Black Friday,Tablet
worten,20191129,iPad Pro APPLE 2018 Prateado MTXP2TY/A (11 64 GB Chip A12X Bionic),[909.99],Black Friday,Tablet
worten,20191129,iPad Pro APPLE Rosa Dourado MPGL2TY/A ( 512 GB Chip A10X Fusion),[975.99],Black Friday,Tablet
worten,20191129,iPad mini APPLE 2019 Cinzento Sideral MUQW2TY/A ( 64 GB Chip A12 Bionic),[469.99],Black Friday,Tablet
worten,20191129,iPad mini APPLE 2019 Cinzento Sideral MUX52TY/A ( 64 GB Chip A12 Bionic + Cellular),[561.19],Black Friday,Tablet
worten,20191129,iPad mini APPLE 2019 Cinzento Sideral MUXC2TY/A ( 256 GB Chip A12 Bionic + Cellular),[779.99],Black Friday,Tablet
worten,20191129,iPad mini APPLE 2019 Dourado MUQY2TY/A ( 64 GB Chip A12 Bionic),[506.02],Black Friday,Tablet
worten,20191129,iPad mini APPLE 2019 Prateado MUQX2TY/A ( 64 GB Chip A12 Bionic),[501.43],Black Friday,Tablet
worten,20201127,Aspirador Vertical DYSON V8 Animal + (21.6 V Autonomia: 40 min 540 ml),[269.99],Black Friday,Outros
worten,20201127,Auscultador Bluetooth PHILIPS TAPH805BK (Over Ear Microfone Noise Canceling),[89.99],Black Friday,Acessorios
worten,20201127,Cave de Vinho BECKEN BWC3989 (17 Garrafas Inox),[149.99],Black Friday,Outros
worten,20201127,Coluna Bluetooth JBL Xtreme 2 GM (40W Autonomia 15 horas),[149.99],Black Friday,Outros
worten,20201127,Comando PS4 Dualshock Black v2 (Wireless),[39.99],Black Friday,Acessorios
worten,20201127,Consola Nintendo Switch Lite + Animal Crossing (32 GB Turquesa),[229.0],Black Friday,Outros
worten,20201127,Consola PS4 Slim + FIFA 21 (500 GB),[299.99],Black Friday,Consola
worten,20201127,Consola Portátil Nintendo Switch V2 (32 GB Azul e Vermelho Néon),[279.99],Black Friday,Outros
worten,20201127,Desktop Gaming HP Pavilion TG01-1024np (Intel Core i5-10400F NVIDIA GeForce GTX 1660 Super RAM: 16 GB 512 GB SSD PCIe),[749.99],Black Friday,Computador
worten,20201127,Frigorífico Americano LG GSX961MCVZ Instaview (No Frost 179 cm 601 L Preto),[1599.0],Black Friday,Eletrodomesticos
worten,20201127,Kit Máquina Fotográfica Reflex CANON EOS 2000D + 18-55 mm DC + Bolsa SB130 + 16 GB (24.1 MP Sensor APS-C ISO: 100 a 12800),[299.99],Black Friday,Outros
worten,20201127,Micro-ondas LG NeoChef MH6336GIB (23 L Com Grill Preto),[99.99],Black Friday,Eletrodomesticos
worten,20201127,Monitor LG 29WL500-B (29 Full HD LED IPS FreeSync),[179.99],Black Friday,Eletrodomesticos
worten,20201127,Máquina de Café DELONGHI Nespresso EN124S Pixie (19 bar Inox),[69.99],Black Friday,Eletrodomesticos
worten,20201127,Máquina de Café DELONGHI Nespresso Essenza Mini EN85B (19 bar Preto),[59.99],Black Friday,Eletrodomesticos
worten,20201127,Máquina de Café DELTA Q Qool Evolution (19 bar Preto),[79.99],Black Friday,Eletrodomesticos
worten,20201127,Máquina de Café DELTA Q Qool Evolution (19 bar Vermelho),[79.99],Black Friday,Eletrodomesticos
worten,20201127,Máquina de Café DELTA Q Quick Branca (19 bar),[39.99],Black Friday,Eletrodomesticos
worten,20201127,Máquina de Café DELTA Q Quick Vermelho (19 bar),[39.99],Black Friday,Eletrodomesticos
worten,20201127,Máquina de Café DOLCE GUSTO Krups KP123BP12 Mini Me + 60 Cápsulas (15 bar Cinzento),[54.99],Black Friday,Eletrodomesticos
worten,20201127,Máquina de Café Delonghi NESPRESSO EN650B (19 bar Preto),[269.99],Black Friday,Eletrodomesticos
worten,20201127,Máquina de Café IKOHS Potts Preto,[60.0],Black Friday,Outros
worten,20201127,Máquina de Café KRUPS Dolce Gusto KP1308P0 Lumio Preto,[49.97],Black Friday,Eletrodomesticos
worten,20201127,Máquina de Café KRUPS Dolce Gusto KP1A08P12 Piccolo XS (15 bar Preto),[39.99],Black Friday,Eletrodomesticos
worten,20201127,Máquina de Café KRUPS Dolce Gusto KP3408P12 Genio S + 60 Cápsulas (15 bar Preto),[74.99],Black Friday,Eletrodomesticos
worten,20201127,Máquina de Café KRUPS Dolce Gusto Lumio KP1301P12 BR + 60 Cápsulas (15 bar Branco),[69.99],Black Friday,Eletrodomesticos
worten,20201127,Máquina de Café KRUPS Nespresso Essenza Mini XN110B (19 bar Cinzento),[59.99],Black Friday,Eletrodomesticos
worten,20201127,Máquina de Café KRUPS Nespresso Essenza Mini XN1118P2 & Aeroccino3 (19 bar Preto),[89.99],Black Friday,Eletrodomesticos
worten,20201127,Máquina de Café KRUPS Nespresso Essenza XN1101P2 (19 bar Branco),[29.99],Black Friday,Eletrodomesticos
worten,20201127,Máquina de Café KRUPS Nespresso Essenza XN1108P2 (19 bar Preto),[22.0],Black Friday,Eletrodomesticos
worten,20201127,Máquina de Café KRUPS Nespresso Inissia XN1005P04 (19 bar Vermelho),[59.99],Black Friday,Eletrodomesticos
worten,20201127,Máquina de Café NESPRESSO Delonghi Essenza Mini EN85L (19 bar Verde),[59.99],Black Friday,Eletrodomesticos
worten,20201127,Máquina de Café NESPRESSO Delonghi Essenza Mini EN85R (19 bar Vermelho),[59.99],Black Friday,Eletrodomesticos
worten,20201127,Máquina de Café NESPRESSO Delonghi Expert EN350 G (19 bar Cinzento),[219.99],Black Friday,Eletrodomesticos
worten,20201127,Máquina de Café NESPRESSO Delonghi Inissia EN80.B (19 bar Preto),[59.99],Black Friday,Eletrodomesticos
worten,20201127,Máquina de Café NESPRESSO Delonghi Lattissima One EN500.W (19 bar Branco),[169.99],Black Friday,Eletrodomesticos
worten,20201127,Máquina de Café de Cápsulas NESPRESSO DeLonghi Latissima One EN500.B (19 bar Preto),[169.99],Black Friday,Eletrodomesticos
worten,20201127,Máquina de Lavar Loiça CANDY CDPN 2D360PW (13 Conjuntos 60 cm Branco),[279.99],Black Friday,Outros
worten,20201127,Máquina de Lavar Roupa BEKO WTA 9712 XSWR (9 kg 1400 rpm Branco),[289.99],Black Friday,Outros
worten,20201127,Máquina de Lavar Roupa SAMSUNG Addwash WW80T554DTW (8 kg 1400 rpm Branco),[379.99],Black Friday,Eletrodomesticos
worten,20201127,Máquina de Secar Roupa HOTPOINT NT M11 82SK EU (8kg Bomba de Calor Branco),[459.99],Black Friday,Outros
worten,20201127,Perfume CALVIN KLEIN Endless Euphoria Eau de Parfum (125 ml),[29.97],Black Friday,Outros
worten,20201127,Placa de Indução BECKEN BIH3300 (Elétrica 59 cm Preto),[199.99],Black Friday,Outros
worten,20201127,Purificador de Ar AIRFREE P3000 32 m2),[99.99],Black Friday,Outros
worten,20201127,Robô de Cozinha MOULINEX ICompanion HF900110 (4.5 L 1550 W 5 acessórios),[399.99],Black Friday,Outros
worten,20201127,SAMSUNG Galaxy Watch 46mm Cinza,[199.99],Black Friday,Smartphone
worten,20201127,Sistema Mesh TP-LINK Deco M4 2 Unid. (AC1200 300 + 867 Mbps),[69.99],Black Friday,Outros
worten,20201127,Smartphone SAMSUNG Galaxy A20e ( 3 GB 32 GB Azul),[139.99],Black Friday,Smartphone
worten,20201127,Smartphone SAMSUNG Galaxy A20e ( 3 GB 32 GB Branco),[139.99],Black Friday,Smartphone
worten,20201127,Smartphone SAMSUNG Galaxy A20e ( 3 GB 32 GB Coral),[139.99],Black Friday,Smartphone
worten,20201127,Smartphone SAMSUNG Galaxy A20e ( 3 GB 32 GB Preto),[139.99],Black Friday,Smartphone
worten,20201127,Smartphone SAMSUNG Galaxy A20s ( 3 GB 32 GB Azul),[129.99],Black Friday,Smartphone
worten,20201127,Smartphone SAMSUNG Galaxy A20s ( 3 GB 32 GB Preto),[129.99],Black Friday,Smartphone
worten,20201127,Smartphone SAMSUNG Galaxy A21s ( 3 GB 32 GB Azul),[159.99],Black Friday,Smartphone
worten,20201127,Smartphone SAMSUNG Galaxy A21s ( 3 GB 32 GB Branco),[159.99],Black Friday,Smartphone
worten,20201127,Smartphone SAMSUNG Galaxy A21s ( 3 GB 32 GB Preto),[159.99],Black Friday,Smartphone
worten,20201127,Smartphone SAMSUNG Galaxy A21s ( 4 GB 128 GB Branco),[209.99],Black Friday,Smartphone
worten,20201127,Smartphone SAMSUNG Galaxy A21s ( 4 GB 128 GB Preto),[209.99],Black Friday,Smartphone
worten,20201127,Smartphone SAMSUNG Galaxy A21s ( 4 GB 64 GB Azul),[203.19],Black Friday,Smartphone
worten,20201127,Smartphone SAMSUNG Galaxy A21s ( 4 GB 64 GB Branco),[179.99],Black Friday,Smartphone
worten,20201127,Smartphone SAMSUNG Galaxy A30s ( 4 GB 128 GB Branco),[189.99],Black Friday,Smartphone
worten,20201127,Smartphone SAMSUNG Galaxy A30s ( 4 GB 128 GB Preto),[189.99],Black Friday,Smartphone
worten,20201127,Smartphone SAMSUNG Galaxy A31 ( 4 GB 128 GB Prateado),[249.99],Black Friday,Smartphone
worten,20201127,Smartphone SAMSUNG Galaxy A31 ( 4 GB 128 GB Preto),[249.99],Black Friday,Smartphone
worten,20201127,Smartphone SAMSUNG Galaxy A31 ( 4 GB 64 GB Prateado),[229.99],Black Friday,Smartphone
worten,20201127,Smartphone SAMSUNG Galaxy A31 ( 4 GB 64 GB Preto),[229.99],Black Friday,Smartphone
worten,20201127,Smartphone SAMSUNG Galaxy A51 ( 4 GB 128 GB Branco),[289.99],Black Friday,Smartphone
worten,20201127,Smartphone SAMSUNG Galaxy A51 ( 4 GB 128 GB Preto),[289.99],Black Friday,Smartphone
worten,20201127,Smartphone SAMSUNG Galaxy S20 ( 8 GB 128 GB Cinzento),[599.99],Black Friday,Smartphone
worten,20201127,Smartphone SAMSUNG Galaxy S20 ( 8 GB 128 GB Rosa),[599.99],Black Friday,Smartphone
worten,20201127,Smartphone SAMSUNG Galaxy S20+ 5G ( 12 GB 128 GB Preto),[799.99],Black Friday,Smartphone
worten,20201127,Smartphone XIAOMI Mi 10 Lite 5G ( 6 GB 128 GB Azul),[279.99],Black Friday,Smartphone
worten,20201127,Smartphone XIAOMI Mi 10 Lite 5G ( 6 GB 128 GB Cinzento),[289.0],Black Friday,Smartphone
worten,20201127,Smartphone XIAOMI Mi 10T Pro 5G ( 8 GB 128 GB Preto),[599.9],Black Friday,Smartphone
worten,20201127,Smartphone XIAOMI Poco X3 NFC (6 GB 128 GB Cinzento),[257.4],Black Friday,Smartphone
worten,20201127,Smartphone XIAOMI Poco X3 NFC (6 GB 64 GB Cinzento),[229.02],Black Friday,Smartphone
worten,20201127,Smartphone XIAOMI Redmi 8 ( 4 GB 64 GB Azul),[145.89],Black Friday,Smartphone
worten,20201127,Smartphone XIAOMI Redmi 9 ( 3 GB 32 GB Cinzento),[126.99],Black Friday,Smartphone
worten,20201127,Smartphone XIAOMI Redmi 9 ( 3 GB 32 GB Verde),[129.99],Black Friday,Smartphone
worten,20201127,Smartphone XIAOMI Redmi 9 ( 4 GB 64 GB Cinzento),[139.69],Black Friday,Smartphone
worten,20201127,Smartphone XIAOMI Redmi 9 ( 4 GB 64 GB Roxo),[129.99],Black Friday,Smartphone
worten,20201127,Smartphone XIAOMI Redmi 9 ( 4 GB 64 GB Verde),[129.99],Black Friday,Smartphone
worten,20201127,Smartphone XIAOMI Redmi 9C NFC ( 2 GB 32 GB Azul),[119.0],Black Friday,Smartphone
worten,20201127,Smartphone XIAOMI Redmi Note 8 Pro ( 6 GB 128 GB Verde),[204.99],Black Friday,Smartphone
worten,20201127,Smartphone XIAOMI Redmi Note 8T ( 4 GB 64 GB Azul),[185.39],Black Friday,Smartphone
worten,20201127,Smartphone XIAOMI Redmi Note 9 ( 4 GB 128 GB Branco),[269.99],Black Friday,Smartphone
worten,20201127,Smartphone XIAOMI Redmi Note 9 ( 4 GB 128 GB Cinzento),[180.5],Black Friday,Smartphone
worten,20201127,Smartphone XIAOMI Redmi Note 9 Pro ( 6 GB 128 GB Branco),[229.99],Black Friday,Smartphone
worten,20201127,Smartphone XIAOMI Redmi Note 9 Pro ( 6 GB 128 GB Cinzento),[229.99],Black Friday,Smartphone
worten,20201127,Smartphone XIAOMI Redmi Note 9 Pro ( 6 GB 128 GB Verde),[229.99],Black Friday,Smartphone
worten,20201127,Smartphone XIAOMI Redmi Note 9 Pro ( 6 GB 64 GB Cinzento),[215.0],Black Friday,Smartphone
worten,20201127,Smartphone XIAOMI Redmi Note 9 Pro ( 6 GB 64 GB Verde),[289.99],Black Friday,Smartphone
worten,20201127,Smartphone XIAOMI Redmi Note 9S ( 6 GB 128 GB Azul),[279.99],Black Friday,Smartphone
worten,20201127,Smartphone XIAOMI Redmi Note 9S ( 6 GB 128 GB Branco),[279.99],Black Friday,Smartphone
worten,20201127,Smartphone XIAOMI Redmi Note 9S ( 6 GB 128 GB Cinzento),[202.99],Black Friday,Smartphone
worten,20201127,TV LG 75UN85006 (LED 75 191 cm 4K Ultra HD Smart TV),[999.99],Black Friday,Eletrodomesticos
worten,20201127,TV LG OLED55CX5 (OLED 55 140 cm 4K Ultra HD Smart TV),[1249.0],Black Friday,Eletrodomesticos
worten,20201127,Tablet SAMSUNG Galaxy Tab S6 Lite ( 64 GB 4 GB RAM Cinzento),[299.99],Black Friday,Tablet
worten,20201127,Trator a Pedal HOMCOM 341-018 (114 x 41 x 52 cm),[74.99],Black Friday,Outros
worten,20201127,Varinha BOSCH MSM67170 (750 W 12 velocidades),[34.99],Black Friday,Eletrodomesticos
worten,20201127,iPhone SE APPLE ( 128 GB Preto),[449.99],Black Friday,Smartphone
worten,20201130,Smartphone SAMSUNG Galaxy S20 ( 8 GB 128 GB Cinzento) Black Friday,"[599.99, 909.0]",Sem Promocao,Smartphone
worten,20201201,Consola Xbox Series X (1 TB),[499.0],Sem Promocao,Consola
worten,20201209,Consola Xbox One S (1 TB),[249.99],Sem Promocao,Consola
worten,20201209,Consola Xbox One S + 2º comando (1 TB Branco),[374.89],Sem Promocao,Acessorios
worten,20201209,Consola Xbox One S + Gears of War 5 (1 TB),[374.4],Sem Promocao,Consola
worten,20201209,Consola Xbox One S + Tom Clancys The Division 2 (1 TB),[328.62],Sem Promocao,Consola
worten,20201209,Consola Xbox One S All Digital Edition (1 TB),[273.2],Sem Promocao,Consola
worten,20201209,Consola Xbox One S Fortnite (1 TB),[302.2],Sem Promocao,Consola
worten,20201209,Consola Xbox One S GreyJoy Battlefield V (1 TB),[249.99],Sem Promocao,Consola
worten,20201209,Consola Xbox One X (1 TB Preto),[623.69],Sem Promocao,Consola
worten,20201209,Consola Xbox One X + Fall Out (1 TB),[399.99],Sem Promocao,Consola
worten,20201209,Consola Xbox One X + Tom Clancys The Division 2 (1 TB),[782.66],Sem Promocao,Consola
worten,20201209,Consola Xbox One X Cyberpunk 2077 (1 TB),[773.41],Sem Promocao,Consola
worten,20201209,Consola Xbox One X Gears Of War 5 (1 TB),[599.9],Sem Promocao,Consola
worten,20201210,Consola MICROSOFT Xbox One S 1TB + Comando Wireless + Xbox Live Gold 14G,[478.66],Sem Promocao,Acessorios
worten,20201210,Consola XBOX ONE S Battlefield (500 GB Branco),[808.24],Sem Promocao,Consola
worten,20201210,Consola XBOX ONE S FIFA 17 (1 TB Branco),[565.95],Sem Promocao,Consola
worten,20201210,Consola Xbox One S (1 TB),[249.99],Sem Promocao,Consola
worten,20201210,Consola Xbox One S + 2º comando (1 TB Branco),[445.99],Sem Promocao,Acessorios
worten,20201210,Consola Xbox One S + Gears of War 5 (1 TB),[374.4],Sem Promocao,Consola
worten,20201210,Consola Xbox One S + Tom Clancys The Division 2 (1 TB),[328.62],Sem Promocao,Consola
worten,20201210,Consola Xbox One S All Digital Edition (1 TB),[273.2],Sem Promocao,Consola
worten,20201210,Consola Xbox One S Fortnite (1 TB),[302.2],Sem Promocao,Consola
worten,20201210,Consola Xbox One S GreyJoy Battlefield V (1 TB),[249.99],Sem Promocao,Consola
worten,20201210,Consola Xbox One X (1 TB Preto),[648.69],Sem Promocao,Consola
worten,20201210,Consola Xbox One X + Fall Out (1 TB),[399.99],Sem Promocao,Consola
worten,20201210,Consola Xbox One X + Tom Clancys The Division 2 (1 TB),[954.62],Sem Promocao,Consola
worten,20201210,Consola Xbox One X Cyberpunk 2077 (1 TB),[773.41],Sem Promocao,Consola
worten,20201210,Consola Xbox One X Gears Of War 5 (1 TB),[599.9],Sem Promocao,Consola
worten,20201219,Consola PS4 Pro (1 TB),[401.1],Sem Promocao,Consola
worten,20201219,Consola PS4 Pro + FIFA 20 (1 TB),[369.99],Sem Promocao,Consola
worten,20201219,Consola PS4 Pro + FIFA 21 (1 TB),[369.99],Sem Promocao,Consola
worten,20201219,Consola PS4 Pro + Fortnite + Voucher (1 TB),[579.99],Sem Promocao,Consola
worten,20201219,Consola PS4 Pro + The Last of Us Parte II (1 TB),[599.99],Sem Promocao,Consola
worten,20201219,Consola PS4 Pro 500M (Edição Limitada 2 TB),[2298.85],Sem Promocao,Consola
worten,20201219,Consola PS4 Pro Kingdom Hearts III (Limited Edition 1 TB),[699.9],Sem Promocao,Consola
worten,20201219,Consola PS4 Pro Playstation HITS (1 TB),[499.99],Sem Promocao,Consola
worten,20201219,Consola PS4 Slim (500 GB),[325.0],Sem Promocao,Consola
worten,20201219,Consola PS4 Slim + FIFA 19 (1 TB),[574.99],Sem Promocao,Consola
worten,20201219,Consola PS4 Slim + FIFA 20 + Voucher (1 TB),[560.9],Sem Promocao,Consola
worten,20201219,Consola PS4 Slim + FIFA 20 + Voucher (500 GB),[620.99],Sem Promocao,Consola
worten,20201219,Consola PS4 Slim + FIFA 21 (500 GB),[339.99],Sem Promocao,Consola
worten,20201219,Consola PS4 Slim + Fortnite + Voucher (500 GB),[492.2],Sem Promocao,Consola
worten,20201219,Consola PS4 Slim + Horizon Zero Dawn + Ratchet & Clank + Spider-man (500 GB),[339.99],Sem Promocao,Consola
worten,20201219,Consola PS4 Slim + Horizon Zero Dawn + The Last of Us + Uncharted 4 (1 TB),[620.99],Sem Promocao,Consola
worten,20201219,Consola PS4 Slim + The Last of Us + Horizon Zero Dawn + Uncharted (1 TB),[620.99],Sem Promocao,Consola
worten,20201219,Consola PS4 Slim + Uncharted 4 (1 TB),[499.0],Sem Promocao,Consola
worten,20201219,Consola PS4 Slim + Voucher Fortnite (500 GB),[562.35],Sem Promocao,Consola
worten,20201219,Consola PS4 Standard + GTA V (500 GB),[620.99],Sem Promocao,Consola
worten,20201219,Consola PS4 Standard + Knack (500 GB),[517.49],Sem Promocao,Consola
worten,20201220,Consola PS4 Pro (1 TB),[401.1],Sem Promocao,Consola
worten,20201220,Consola PS4 Pro + FIFA 20 (1 TB),[369.99],Sem Promocao,Consola
worten,20201220,Consola PS4 Pro + FIFA 21 (1 TB),[369.99],Sem Promocao,Consola
worten,20201220,Consola PS4 Pro + Fortnite + Voucher (1 TB),[579.99],Sem Promocao,Consola
worten,20201220,Consola PS4 Pro + The Last of Us Parte II (1 TB),[599.99],Sem Promocao,Consola
worten,20201220,Consola PS4 Pro 500M (Edição Limitada 2 TB),[2298.85],Sem Promocao,Consola
worten,20201220,Consola PS4 Pro Kingdom Hearts III (Limited Edition 1 TB),[699.9],Sem Promocao,Consola
worten,20201220,Consola PS4 Pro Playstation HITS (1 TB),[499.99],Sem Promocao,Consola
worten,20201220,Consola PS4 Slim (500 GB),[325.0],Sem Promocao,Consola
worten,20201220,Consola PS4 Slim + FIFA 19 (1 TB),[574.99],Sem Promocao,Consola
worten,20201220,Consola PS4 Slim + FIFA 20 + Voucher (1 TB),[560.9],Sem Promocao,Consola
worten,20201220,Consola PS4 Slim + FIFA 20 + Voucher (500 GB),[620.99],Sem Promocao,Consola
worten,20201220,Consola PS4 Slim + FIFA 21 (500 GB),[339.99],Sem Promocao,Consola
worten,20201220,Consola PS4 Slim + Fortnite + Voucher (500 GB),[492.2],Sem Promocao,Consola
worten,20201220,Consola PS4 Slim + Horizon Zero Dawn + Ratchet & Clank + Spider-man (500 GB),[339.99],Sem Promocao,Consola
worten,20201220,Consola PS4 Slim + Horizon Zero Dawn + The Last of Us + Uncharted 4 (1 TB),[620.99],Sem Promocao,Consola
worten,20201220,Consola PS4 Slim + The Last of Us + Horizon Zero Dawn + Uncharted (1 TB),[620.99],Sem Promocao,Consola
worten,20201220,Consola PS4 Slim + Uncharted 4 (1 TB),[499.0],Sem Promocao,Consola
worten,20201220,Consola PS4 Slim + Voucher Fortnite (500 GB),[562.35],Sem Promocao,Consola
worten,20201220,Consola PS4 Standard + GTA V (500 GB),[620.99],Sem Promocao,Consola
worten,20201220,Consola PS4 Standard + Knack (500 GB),[517.49],Sem Promocao,Consola
worten,20201223,Smartphone HUAWEI P40 Pro 5G ( 8 GB 256 GB Preto) + Watch Fit Active + FreeBuds 3 Wort,"[899.99, 1049.0]",Sem Promocao,Smartphone
worten,20201231,Smartphone HUAWEI P40 Pro 5G ( 8 GB 256 GB Preto) + Watch Fit Active + FreeBuds 3 Wort,"[899.99, 1049.0]",Sem Promocao,Smartphone
