site,date,title,extractedData,promocao
www.pcdiga.com,20201127,"Smartphone Oppo A15 6.52"" 3GB/32GB Dual SIM Mystery Blue","['169,90']",Black Friday
www.pcdiga.com,20201127,"Smartphone Oppo A15 6.52"" 3GB/32GB Dual SIM Dynamic Black","['169,90']",Black Friday
www.pcdiga.com,20201127,"Smartphone OnePlus Nord N100 6.52"" 4GB/64GB Dual SIM Midnight Frost","['199,00']",Black Friday
www.pcdiga.com,20201127,"Smartphone TCL 10 Plus 6.47"" 6GB/256GB Dual SIM Azul","['399,90']",Black Friday
www.pcdiga.com,20201127,"Smartphone TCL 10 Plus 6.47"" 6GB/256GB Dual SIM Cinzento","['399,90']",Black Friday
www.pcdiga.com,20201127,Película de Protecção 3MK Antimicrobiana Silver Protection+ Xiaomi Redmi Note 9,"['11,90']",Black Friday
www.pcdiga.com,20201127,"Smartphone Huawei Mate 40 Pro 6.76"" 8GB/256GB Dual SIM Prateado","['1249,00']",Black Friday
www.pcdiga.com,20201127,"Smartphone Oppo A53 6.5"" 4GB/64GB Dual SIM Mint Cream","['189,00']",Black Friday
www.pcdiga.com,20201127,"Smartphone Oppo A53 6.5"" 4GB/64GB Dual SIM Electric Black","['189,00']",Black Friday
www.pcdiga.com,20201127,"Smartphone Oppo A53s 6.5"" 4GB/128GB Dual SIM Fancy Blue","['219,00']",Black Friday
www.pcdiga.com,20201127,"Smartphone Oppo A53s 6.5"" 4GB/128GB Dual SIM Electric Black","['219,00']",Black Friday
www.pcdiga.com,20201127,"Smartphone Oppo Reno 4 Z 5G 6.57"" 8GB/128GB Dual SIM Dew White","['399,00']",Black Friday
www.pcdiga.com,20201127,"Smartphone Oppo Reno 4 Z 5G 6.57"" 8GB/128GB Dual SIM Ink Black","['399,00']",Black Friday
www.pcdiga.com,20201127,"Smartphone Oppo Reno 4 5G 6.43"" 8GB/128GB Dual SIM Space Black","['599,00']",Black Friday
www.pcdiga.com,20201127,"Smartphone Oppo Reno 4 5G 6.43"" 8GB/128GB Dual SIM Galactic Blue","['599,00']",Black Friday
www.pcdiga.com,20201127,"Smartphone Oppo Reno 4 Pro 5G 6.55"" 12GB/256GB Dual SIM Galactic Blue","['799,00']",Black Friday
www.pcdiga.com,20201127,"Smartphone Oppo Reno 4 Pro 5G 6.55"" 12GB/256GB Dual SIM Space Black","['799,00']",Black Friday
www.pcdiga.com,20201127,"Smartphone Xiaomi Redmi Note 9 6.53"" 3GB/64GB Dual SIM Preto","['158,90']",Black Friday
www.pcdiga.com,20201127,"Smartphone Huawei P Smart 2021 6.67"" 4GB/128GB Dual SIM Verde","['259,90']",Black Friday
www.pcdiga.com,20201127,"Smartphone Huawei P Smart 2021 6.67"" 4GB/128GB Dual SIM Dourado","['259,90']",Black Friday
www.pcdiga.com,20201127,"Smartphone Huawei P Smart 2021 6.67"" 4GB/128GB Dual SIM Preto","['259,90']",Black Friday
www.pcdiga.com,20201127,"Smartphone Motorola Moto E7 Plus 6.5"" 4GB/64GB Dual SIM Azul","['129,90']",Black Friday
www.pcdiga.com,20201127,"Smartphone Motorola G9 Play 6.5"" 4GB/64GB Dual SIM Azul","['149,90']",Black Friday
www.pcdiga.com,20201127,"Smartphone Blackview BV6300 Pro 5.7"" 6GB/128GB Dual SIM Preto","['239,90']",Black Friday
www.pcdiga.com,20201127,"Smartphone Motorola Moto G9 Plus 6.81"" 4GB/128GB Dual SIM Azul","['219,90']",Black Friday
www.pcdiga.com,20201127,"Smartphone Xiaomi Mi 10T Lite 5G 6.67"" 6GB/128GB Dual SIM Rose Gold Beach","['319,90']",Black Friday
www.pcdiga.com,20201127,"Smartphone Xiaomi Mi 10T Lite 5G 6.67"" 6GB/64GB Dual SIM Rose Gold Beach","['329,00']",Black Friday
www.pcdiga.com,20201127,"Smartphone Xiaomi Mi 10T Lite 5G 6.67"" 6GB/128GB Dual SIM Pearl Gray","['319,90']",Black Friday
www.pcdiga.com,20201127,"Smartphone Xiaomi Mi 10T Lite 5G 6.67"" 6GB/128GB Dual SIM Atlantic Blue","['319,90']",Black Friday
www.pcdiga.com,20201127,"Smartphone Xiaomi Mi 10T Lite 5G 6.67"" 6GB/64GB Dual SIM Atlantic Blue","['329,00']",Black Friday
www.pcdiga.com,20201127,"Smartphone Xiaomi Mi 10T Lite 5G 6.67"" 6GB/64GB Dual SIM Pearl Gray","['329,00']",Black Friday
www.pcdiga.com,20201127,"Smartphone Xiaomi Mi 10T 5G 6.67"" 6GB/128GB Dual SIM Lunar Silver","['439,00']",Black Friday
www.pcdiga.com,20201127,"Smartphone Xiaomi Mi 10T Pro 5G 6.67"" 8GB/256GB Dual SIM Lunar Silver","['649,00']",Black Friday
www.pcdiga.com,20201127,"Smartphone Xiaomi Mi 10T Pro 5G 6.67"" 8GB/256GB Dual SIM Cosmic Black","['649,00']",Black Friday
www.pcdiga.com,20201127,"Smartphone Xiaomi Mi 10T Pro 5G 6.67"" 8GB/128GB Dual SIM Lunar Silver","['599,00']",Black Friday
www.pcdiga.com,20201127,"Smartphone Xiaomi Mi 10T 5G 6.67"" 6GB/128GB Dual SIM Cosmic Black","['439,90']",Black Friday
www.staples.pt,20160220,Apple iPhone 6 16Gb Space Gray | Staples.pt,"['649,00']",Sem Promocao
www.staples.pt,20160220,Apple iPhone 6 16GB Prateado | Staples.pt,"['649,00']",Sem Promocao
www.staples.pt,20170226,Apple iPhone 7 32Gb Gold | Staples.pt,"['633,33']",Sem Promocao
www.staples.pt,20170226,Apple iPhone 7 128Gb Black | Staples.pt,"['779,67']",Sem Promocao
www.staples.pt,20180720,"Apple iPhone 8, 4,7"", 256 GB, Dourado | Staples.pt","['820,33']",Sem Promocao
www.staples.pt,20180720,"Apple iPhone 8, 4,7”, 64 GB, Dourado | Staples.pt","['673,98']",Sem Promocao
www.staples.pt,20190324,Sony Jogo Playstation 4 DRIVECLUB™ | Staples.pt,"['16,25']",Sem Promocao
www.staples.pt,20190324,Sony Jogo Playstation 4 LittleBigPlanet™ 3 | Staples.pt,"['16,25']",Sem Promocao
www.elcorteingles.pt,20170814,Smartphone Huawei P8 Lite 2017 16 Gb Black Â· Tecnologia Â· El Corte InglÃ©s,"['259,90']",Sem Promocao
www.elcorteingles.pt,20170817,Smartphone Huawei P8 Lite 2017 16 Gb Gold Â· Tecnologia Â· El Corte InglÃ©s,"['259,90']",Sem Promocao
www.elcorteingles.pt,20180503,"Smartphone Huawei P20, 5.8"", 128 GB - Preto Â· Tecnologia Â· El Corte InglÃ©s","['699,90']",Sem Promocao
www.elcorteingles.pt,20190422,Smartphone Huawei P20 PRO 128 GB Preto · Tecnologia · El Corte Inglés,"['559,90', '799,90']",Sem Promocao
www.elcorteingles.pt,20190906,"Smartphone Huawei P30, 6GB, 128GB - Black · Tecnologia · El Corte Inglés","['619,99', '799,90']",Sem Promocao
www.elcorteingles.pt,20190906,"Smartphone Huawei P30 Pro, 8GB, 128GB - Crystal · Tecnologia · El Corte Inglés","['789,99', '999,90']",Sem Promocao
www.elcorteingles.pt,20170819,"Smartphone Samsung Galaxy S8 5,8'' Prateado Â· Tecnologia Â· El Corte InglÃ©s","['799,90']",Sem Promocao
www.elcorteingles.pt,20171221,"Smartphone Samsung Galaxy S8 Plus 6,2'' - Prateado Â· Tecnologia Â· El Corte InglÃ©s","['919,90']",Sem Promocao
www.elcorteingles.pt,20180503,"Smartphone Samsung Galaxy S9, 5.8"", 64 GB - Azul TopÃ¡zio Â· Tecnologia Â· El Corte InglÃ©s","['869,90']",Sem Promocao
www.elcorteingles.pt,20180503,"Smartphone Samsung Galaxy S9, 5.8"", 64 GB - Rosa PÃºrpura Â· Tecnologia Â· El Corte InglÃ©s","['869,90']",Sem Promocao
www.elcorteingles.pt,20190422,"Samsung Galaxy S10+, 128GB, 8GB - Preto · Tecnologia · El Corte Inglés","['1029,90']",Sem Promocao
www.elcorteingles.pt,20190422,"Samsung Galaxy S10 128GB, 8GB - Preto Prisma · Tecnologia · El Corte Inglés","['929,90']",Sem Promocao
www.elcorteingles.pt,20170819,"Smartphone Apple iPhone 6, 32GB - Space Grey Â· Tecnologia Â· El Corte InglÃ©s","['399', '449']",Sem Promocao
www.elcorteingles.pt,20170811,"Smartphone Apple iPhone 6, 32GB - Space Grey Â· Tecnologia Â· El Corte InglÃ©s","['399', '449']",Sem Promocao
www.elcorteingles.pt,20170819,Apple iPhone 7 Plus 128GB - Black Â· Tecnologia Â· El Corte InglÃ©s,['1029'],Sem Promocao
www.elcorteingles.pt,20171223,Smartphone Apple iPhone 8 64GB - Gold Â· Tecnologia Â· El Corte InglÃ©s,['829'],Sem Promocao
www.elcorteingles.pt,20171223,Smartphone Apple iPhone 8 64GB - Silver Â· Tecnologia Â· El Corte InglÃ©s,['829'],Sem Promocao
www.elcorteingles.pt,20190422,Smartphone Apple iPhone XR 64GB - Black · Tecnologia · El Corte Inglés,['879'],Sem Promocao
www.elcorteingles.pt,20190422,Smartphone Apple iPhone Xs 64GB Space Grey · Tecnologia · El Corte Inglés,['1179'],Sem Promocao
www.elcorteingles.pt,20181116,Smartphone Apple iPhone XS 64GB - Gold Â· Tecnologia Â· El Corte InglÃ©s,['1179'],Sem Promocao
www.elcorteingles.pt,20171223,"Smartphone Apple iPhone X, 5.8"", 256GB - Silver Â· Tecnologia Â· El Corte InglÃ©s",['1359'],Sem Promocao
www.elcorteingles.pt,20171223,"Smartphone Apple iPhone X, 5,8"", 64GB - Silver Â· Tecnologia Â· El Corte InglÃ©s",['1179'],Sem Promocao
www.elcorteingles.pt,20190906,Smartphone Apple iPhone Xs 64GB Gold · Tecnologia · El Corte Inglés,['1179'],Sem Promocao
www.elcorteingles.pt,20190906,Smartphone Apple iPhone Xs Max 64GB Space Grey · Tecnologia · El Corte Inglés,['1279'],Sem Promocao
www.elcorteingles.pt,20190906,Smartphone Apple iPhone XR 64GB - White · Tecnologia · El Corte Inglés,['879'],Sem Promocao
www.elcorteingles.pt,20190906,Smartphone Apple iPhone XR 128GB - Black · Tecnologia · El Corte Inglés,['939'],Sem Promocao
www.elcorteingles.pt,20190422,Smartphone Huawei Mate 20 Lite Dual SIM Preto · Tecnologia · El Corte Inglés,"['349,90']",Sem Promocao
www.elcorteingles.pt,20190422,Smartphone Huawei Mate 20 Lite Dual SIM Azul · Tecnologia · El Corte Inglés,"['349,90']",Sem Promocao
www.elcorteingles.pt,20191129,Jogos PlayStation 4 PlayStation · Gaming · El Corte Inglés,"['49,99', '69,99']",Sem Promocao
www.elcorteingles.pt,20190906,Jogos PlayStation 4 PlayStation · Gaming · El Corte Inglés,"['44,99', '69,99']",Sem Promocao
www.elcorteingles.pt,20191129,Jogos XBOX One Xbox · Gaming · El Corte Inglés,"['69,99']",Sem Promocao
www.elcorteingles.pt,20191129,Jogos XBOX One Xbox · Gaming · El Corte Inglés · Página 2,"['29,99', '44,99']",Sem Promocao
www.fnac.pt,20170819,Huawei P8 Lite 2017 - Black,"['219,99', '259,99']",Sem Promocao
www.fnac.pt,20170819,Huawei P8 Lite (Black),"['179,99', '229,99']",Sem Promocao
www.fnac.pt,20170819,Huawei P8 Lite (Gold),"['179,99', '229,99']",Sem Promocao
www.fnac.pt,20170819,Huawei P8 Lite 2017 - Gold,"['219,99', '259,99']",Sem Promocao
www.fnac.pt,20170819,Huawei P8 Lite (White),"['179,99', '229,99']",Sem Promocao
www.fnac.pt,20170819,Huawei P8 Lite 2017 - White,"['219,99', '259,99']",Sem Promocao
www.fnac.pt,20170819,Huawei P8 Lite 16GB 4G Preto,"['169,90']",Sem Promocao
www.fnac.pt,20170819,Smartphone Huawei P8 Lite Dual Sim 2GB 16GB Dourado,"['179,30']",Sem Promocao
www.fnac.pt,20170819,Huawei P8 Lite 16GB 4G Branco,"['169,93']",Sem Promocao
www.fnac.pt,20170819,Huawei P8 Lite 2017 Dual SIM 4G 16GB Azul,"['286,68']",Sem Promocao
www.fnac.pt,20170819,smartphone Huawei P8 Lite 772997 4G 16GB Preto,['283'],Sem Promocao
www.fnac.pt,20170819,Huawei P8 Lite 2017 4G 16GB Dourado,['278'],Sem Promocao
www.fnac.pt,20170819,Huawei P8 Lite 2017 4G 16GB,['278'],Sem Promocao
www.fnac.pt,20170819,Smartphone HUAWEI P8 Lite 4G 16GB (Preto),"['172,90']",Sem Promocao
www.fnac.pt,20170819,Huawei P8 Lite 4G 16GB Branco,"['169,90']",Sem Promocao
www.fnac.pt,20190422,Smartphone Huawei P20 - 128GB - Black - SmartPhone Android - Compra na Fnac.pt,"['599,99']",Sem Promocao
www.fnac.pt,20190422,Smartphone Huawei P20 Pro - 128GB - Black - SmartPhone Android - Compra na Fnac.pt,"['799,99']",Sem Promocao
www.fnac.pt,20190906,Smartphone Huawei P30 Lite - 128GB - Preto - SmartPhone Android - Compra na Fnac.pt,"['349,99', '379,99']",Sem Promocao
www.fnac.pt,20201130,Smartphone Huawei P40 Pro 5G - 256GB - Cinzento - SmartPhone Android - Compra na Fnac.pt,"['1049,99']",Sem Promocao
www.fnac.pt,20201201,Smartphone Huawei P40 Pro 5G - 256GB - Cinzento - SmartPhone Android - Compra na Fnac.pt,"['1049,99']",Sem Promocao
www.fnac.pt,20181013,Samsung Galaxy S8 - G950FZ - Preto Meia-Noite,"['549,99', '719,99']",Sem Promocao
www.fnac.pt,20181013,Samsung Galaxy S8+ - G955FZ - Prateado,"['649,99', '819,99']",Sem Promocao
www.fnac.pt,20181013,Samsung Galaxy S8 - G950FZ - Prateado,"['549,99', '719,99']",Sem Promocao
www.fnac.pt,20181013,Samsung Galaxy S8 - G950FZ - Cinzento Orquídea,"['549,99', '719,99']",Sem Promocao
www.fnac.pt,20181013,Samsung Galaxy S8+ - G955FZ - Preto Meia-Noite,"['469,90']",Sem Promocao
www.fnac.pt,20181013,Samsung Galaxy S8 Dual Sim- G950F-DS - Preto Meia-Noite,"['442,28']",Sem Promocao
www.fnac.pt,20181013,Samsung Galaxy S8+ - G955FD - Preto Meia-Noite,"['458,80']",Sem Promocao
www.fnac.pt,20181013,Samsung Galaxy S8+ Dual Sim - G955F/DS - Maple Dourado,['458'],Sem Promocao
www.fnac.pt,20181013,Samsung Galaxy S8 - G950FZ - Rosa,['546'],Sem Promocao
www.fnac.pt,20181013,Samsung Galaxy S8+ - G955FZ - Cinzento Orquídea,"['471,10']",Sem Promocao
www.fnac.pt,20181013,Smartphone Samsung Galaxy S8+ G955Fds Dual SIM 4GB 64GB Cinzento Orquídea,['478'],Sem Promocao
www.fnac.pt,20181013,Samsung Galaxy S8 PLUS SM-G955F 4GB RAM 64 GB Preto,"['475,99']",Sem Promocao
www.fnac.pt,20181013,Smartphone Samsung Galaxy S8 - 64GB - Blue Coral,"['516,89']",Sem Promocao
www.fnac.pt,20181013,Smartphone Samsung Galaxy S8 G950F - 64GB - Preto Meia-Noite,"['533,49']",Sem Promocao
www.fnac.pt,20181013,Smartphone Samsung Galaxy S8 G950F - 64GB - Coral Blue,"['438,10']",Sem Promocao
www.fnac.pt,20181013,Smartphone Samsung Galaxy S8 Plus Dual SIM 6GB 128GB Cinzento Orquídea,"['719,99']",Sem Promocao
www.fnac.pt,20181013,Smartphone Samsung Galaxy S8 G950Fds Dual SIM 4GB 64GB Coral Azul,"['458,89']",Sem Promocao
www.fnac.pt,20181013,Smartphone Samsung Galaxy S8 G950Fds Dual SIM 4GB 64GB Cinzento Orquídea,"['444,80']",Sem Promocao
www.fnac.pt,20181013,Smartphone TIM Samsung Galaxy S8 4GB 64 GB Azul,['583'],Sem Promocao
www.fnac.pt,20181013,Smartphone Telekom Samsung Galaxy S8 Plus 4GB 64 GB Cinzento,"['475,99']",Sem Promocao
www.fnac.pt,20180719,Samsung Galaxy S8+ - G955FZ - Prateado,"['679,99', '819,99']",Sem Promocao
www.fnac.pt,20180719,Samsung Galaxy S8+ - G955FZ - Preto Meia-Noite,"['679,99', '819,99']",Sem Promocao
www.fnac.pt,20180719,Samsung Galaxy S8 - G950FZ - Rosa,"['589,99', '719,99']",Sem Promocao
www.fnac.pt,20180719,Samsung Galaxy S8+ - G955FD - Preto Meia-Noite,"['819,99']",Sem Promocao
www.fnac.pt,20180719,Samsung Galaxy S8 - G950FZ - Cinzento Orquídea,"['589,99', '719,99']",Sem Promocao
www.fnac.pt,20180719,Samsung Galaxy S8+ Dual Sim - G955F/DS - Maple Dourado,"['819,99']",Sem Promocao
www.fnac.pt,20180719,Samsung Galaxy S8 - G950FZ - Prateado,"['589,99', '719,99']",Sem Promocao
www.fnac.pt,20180719,Samsung Galaxy S8 Dual Sim- G950F-DS - Preto Meia-Noite,"['477,99']",Sem Promocao
www.fnac.pt,20180719,Samsung Galaxy S8+ - G955FZ - Cinzento Orquídea,['528'],Sem Promocao
www.fnac.pt,20180719,Samsung Galaxy S8 - G950FZ - Preto Meia-Noite,"['475,90']",Sem Promocao
www.fnac.pt,20180719,Smartphone Samsung Galaxy S8 - 64GB - Blue Coral,"['549,89']",Sem Promocao
www.fnac.pt,20180719,Smartphone Samsung Galaxy S8 G950F - 64GB - Preto Meia-Noite,"['604,49']",Sem Promocao
www.fnac.pt,20180719,Smartphone TIM Samsung Galaxy S8 4GB 64 GB Azul,['570'],Sem Promocao
www.fnac.pt,20180719,Smartphone Telekom Samsung Galaxy S8 Plus 4GB 64 GB Cinzento,"['493,99']",Sem Promocao
www.fnac.pt,20180719,Smartphone Telekom Samsung Galaxy S8 Plus 4GB 64 GB Preto,['661'],Sem Promocao
www.fnac.pt,20180719,Smartphone Telecom Italia Samsung Galaxy S8+ 4GB 64 GB Cinzento,['775'],Sem Promocao
www.fnac.pt,20180719,Smartphone Telecom Italia Samsung Galaxy S8+ 4GB 64 GB Prateado,['765'],Sem Promocao
www.fnac.pt,20180719,Smartphone Telecom Italia Samsung Galaxy S8 4GB 64 GB Cinzento,['570'],Sem Promocao
www.fnac.pt,20180719,Smartphone Telecom Italia Samsung Galaxy S8 4GB 64 GB Prateado,['570'],Sem Promocao
www.fnac.pt,20180719,Samsung Galaxy S8 PLUS SM-G955F 4GB RAM 64 GB Preto,['528'],Sem Promocao
www.fnac.pt,20180719,Samsung Galaxy S9+ - G965FZ - Azul Topázio,"['969,99']",Sem Promocao
www.fnac.pt,20180719,Samsung Galaxy S9+ - G965FZ - Rosa Púrpura,"['969,99']",Sem Promocao
www.fnac.pt,20180719,Samsung Galaxy S9+ - G965FZ - Dourado Amanhecer,"['969,99']",Sem Promocao
www.fnac.pt,20180719,Samsung Galaxy S9+ - G965FZ - Preto Meia-Noite,"['969,99']",Sem Promocao
www.fnac.pt,20180719,Samsung Galaxy S9+ - G965FZ - 256GB - Cinzento Titânio,"['1099,99']",Sem Promocao
www.fnac.pt,20180719,Samsung Galaxy S9 - G960FZ - Rosa Púrpura,"['869,99']",Sem Promocao
www.fnac.pt,20180719,Samsung Galaxy S9 - G960FZ - Azul Topázio,"['869,99']",Sem Promocao
www.fnac.pt,20180719,Samsung Galaxy S9 - G960FZ - Preto Meia-Noite,"['869,99']",Sem Promocao
www.fnac.pt,20180719,Samsung Galaxy S9 - G960FZ - 256GB - Cinzento Titânio,"['999,99']",Sem Promocao
www.fnac.pt,20180719,Samsung Galaxy S9 - G960FZ - Dourado Amanhecer,"['869,99']",Sem Promocao
www.fnac.pt,20180719,Capa Samsung Clear View para Galaxy S9+ - Preto,"['59,99']",Sem Promocao
www.fnac.pt,20180719,Capa Samsung Led View para Galaxy S9+ - Preto,"['69,99']",Sem Promocao
www.fnac.pt,20180719,Capa Samsung Protective para Galaxy S9+ - Preto,"['39,99']",Sem Promocao
www.fnac.pt,20180719,Capa Book Window 4-OK para Galaxy S9+ - Preto,"['19,99']",Sem Promocao
www.fnac.pt,20180719,Capa Samsung Clear View para Galaxy S9+ - Dourado,"['59,99']",Sem Promocao
www.fnac.pt,20180719,Capa Samsung Clear View para Galaxy S9 - Preto,"['59,99']",Sem Promocao
www.fnac.pt,20180719,Capa Samsung Silicone para Galaxy S9 - Preto,"['29,99']",Sem Promocao
www.fnac.pt,20180719,Capa Book Window 4-OK para Galaxy S9 - Preto,"['19,99']",Sem Promocao
www.fnac.pt,20180719,Capa 4-OK Ultra Slim para Galaxy S9,"['13,99']",Sem Promocao
www.fnac.pt,20180719,Capa Samsung Led View para Galaxy S9 - Preto,"['69,99']",Sem Promocao
www.fnac.pt,20180719,Película Ecrã Vidro Temperado 4-OK para Galaxy S9+,"['19,99']",Sem Promocao
www.fnac.pt,20180719,Película Ecrã Vidro Temperado 4-OK para Galaxy S9,"['19,99']",Sem Promocao
www.fnac.pt,20180719,Película de Vidro Temperado Advansia para Samsung Galaxy S9 Plus Proteção Total,"['7,90']",Sem Promocao
www.fnac.pt,20180719,Película Vidro Temperado 3D Multishop para Samsung Galaxy S9+ / S9 Plus,"['8,99']",Sem Promocao
www.fnac.pt,20180719,Película Vidro Temperado Multishop para Samsung Galaxy S9+ / S9 Plus,"['6,99']",Sem Promocao
www.fnac.pt,20180719,Samsung Galaxy S9+ - G965FZ - Preto Meia-Noite - SmartPhone Android - Compre na Fnac.pt,"['969,99']",Sem Promocao
www.fnac.pt,20191118,Samsung Galaxy S10+ - G975FZ - 128GB - Verde,"['899,99', '949,99']",Sem Promocao
www.fnac.pt,20191118,Samsung Galaxy S10+ - G975FC - 1TB - Branco Cerâmico,"['1549,99', '1599,99']",Sem Promocao
www.fnac.pt,20191118,Samsung Galaxy S10+ - G975FZ - 128GB - Preto,"['899,99', '949,99']",Sem Promocao
www.fnac.pt,20191118,Samsung Galaxy S10+ - G975FC - 512GB - Preto Cerâmico,"['1149,99', '1199,99']",Sem Promocao
www.fnac.pt,20191118,Samsung Galaxy S10+ - G975FZ - 128GB - Branco,"['899,99', '949,99']",Sem Promocao
www.fnac.pt,20191118,Samsung Galaxy S10+ - G975FZ - 128GB - Prateado Prisma,"['899,99', '949,99']",Sem Promocao
www.fnac.pt,20191118,Samsung Galaxy S10+ - G975FC - 512GB - Branco Cerâmico,"['1149,99', '1199,99']",Sem Promocao
www.fnac.pt,20191118,Samsung Galaxy S10+ - G975FC - 1TB - Preto Cerâmico,"['1549,99', '1599,99']",Sem Promocao
www.fnac.pt,20191118,Samsung Galaxy S10 - G973FZ - 512GB - Verde,"['849,99', '949,99']",Sem Promocao
www.fnac.pt,20191118,Samsung Galaxy S10 - G973FZ - 512GB - Branco,"['849,99', '949,99']",Sem Promocao
www.fnac.pt,20191118,Samsung Galaxy S10 - G973FZ - 128GB - Preto,"['749,99', '849,99']",Sem Promocao
www.fnac.pt,20191118,Samsung Galaxy S10 - G973FZ - 128GB - Prateado Prisma,"['749,99', '849,99']",Sem Promocao
www.fnac.pt,20191118,Samsung Galaxy S10 - G973FZ - 512GB - Preto,"['849,99', '949,99']",Sem Promocao
www.fnac.pt,20191118,Samsung Galaxy S10 - G973FZ - 128GB - Branco,"['749,99', '849,99']",Sem Promocao
www.fnac.pt,20191118,Samsung Galaxy S10 - G973FZ - 128GB - Verde,"['649,98']",Sem Promocao
www.fnac.pt,20191118,Samsung Galaxy S10e - G970FZ - Branco,"['679,99', '699,99']",Sem Promocao
www.fnac.pt,20191118,Samsung Galaxy S10e - G970FZ - Preto,"['679,99', '699,99']",Sem Promocao
www.fnac.pt,20191118,Samsung Galaxy S10e - G970FZ - Verde,"['679,99', '699,99']",Sem Promocao
www.fnac.pt,20191118,Samsung Galaxy S10e - G970FZ - Amarelo,"['500,85']",Sem Promocao
www.fnac.pt,20191118,"Smartphone Samsung Galaxy S10E 5.8"""" 128Gb Dual Sim Branco","['500,85']",Sem Promocao
www.fnac.pt,20191118,Capa Samsung Clear para Galaxy S10+ - Transparente,"['19,99']",Sem Promocao
www.fnac.pt,20191118,Capa Samsung Clear View para Galaxy S10+ - Preto,"['54,99']",Sem Promocao
www.fnac.pt,20191118,Capa Samsung Silicone para Galaxy S10+ - Preto,"['29,99']",Sem Promocao
www.fnac.pt,20191118,Capa Samsung Led View para Galaxy S10+ - Preto,"['69,99']",Sem Promocao
www.fnac.pt,20191118,Capa Samsung Silicone para Galaxy S10+ - Branco,"['29,99']",Sem Promocao
www.fnac.pt,20191118,Capa Samsung Silicone para Galaxy S10+ - Verde,"['29,99']",Sem Promocao
www.fnac.pt,20191118,Capa Itskins Spectrumclear para Samsung Galaxy S10+ - Transparente,"['19,99']",Sem Promocao
www.fnac.pt,20191118,Capa Samsung Clear View para Galaxy S10+ - Verde,"['54,99']",Sem Promocao
www.fnac.pt,20191118,Capa Samsung Clear View para Galaxy S10+ - Branco,"['54,99']",Sem Promocao
www.fnac.pt,20191118,Capa Samsung Led View para Galaxy S10+ - Branco,"['69,99']",Sem Promocao
www.fnac.pt,20191118,Capa Samsung Clear para Galaxy S10 - Transparente,"['19,99']",Sem Promocao
www.fnac.pt,20191118,Capa Itskins Spectrumclear para Samsung Galaxy S10e - Preto,"['19,99']",Sem Promocao
www.fnac.pt,20191118,Película Ecrã Samsung para Galaxy S10,"['19,99']",Sem Promocao
www.fnac.pt,20191118,Capa Samsung Silicone para Galaxy S10 - Preto,"['29,99']",Sem Promocao
www.fnac.pt,20191118,Capa Samsung Protective para Galaxy S10+ - Preto,"['39,99']",Sem Promocao
www.fnac.pt,20191118,Capa Samsung Clear View para Galaxy S10 - Preto,"['54,99']",Sem Promocao
www.fnac.pt,20191118,Capa Samsung Clear View para Galaxy S10 - Verde,"['54,99']",Sem Promocao
www.fnac.pt,20191118,Capa Itskins Spectrumclear para Samsung Galaxy S10e - Transparente,"['19,99']",Sem Promocao
www.fnac.pt,20191118,Capa Samsung Silicone para Galaxy S10 - Azul,"['29,99']",Sem Promocao
www.fnac.pt,20191118,Capa Samsung Silicone para Galaxy S10 - Branco,"['29,99']",Sem Promocao
www.fnac.pt,20191118,Capa Samsung Led View para Galaxy S10e - Preto,"['69,99']",Sem Promocao
www.fnac.pt,20191118,Capa Samsung Silicone para Galaxy S10e - Verde,"['29,99']",Sem Promocao
www.fnac.pt,20191118,Capa Samsung Clear View para Galaxy S10e - Branco,"['54,99']",Sem Promocao
www.fnac.pt,20191118,Capa Samsung Clear View para Galaxy S10e - Preto,"['54,99']",Sem Promocao
www.fnac.pt,20191118,Capa Itskins Spectrumclear para Samsung Galaxy S10 - Preto,"['19,99']",Sem Promocao
www.fnac.pt,20191118,Capa Samsung Led View para Galaxy S10e - Branco,"['69,99']",Sem Promocao
www.fnac.pt,20191118,Capa Samsung Silicone para Galaxy S10e - Branco,"['29,99']",Sem Promocao
www.fnac.pt,20191118,Capa Samsung Clear View para Galaxy S10e - Verde,"['54,99']",Sem Promocao
www.fnac.pt,20191118,Capa Itskins Spectrumclear para Samsung Galaxy S10 - Transparente,"['19,99']",Sem Promocao
www.fnac.pt,20191118,Capa Samsung Pele para Galaxy S10e - Preto,"['49,99']",Sem Promocao
www.fnac.pt,20170816,Apple iPhone 7 - 32GB (Preto Mate) - Apple iPhone - Compre na Fnac.pt,"['779,99']",Sem Promocao
www.fnac.pt,20181013,Apple iPhone 8 - 256GB - Dourado,"['889,99']",Sem Promocao
www.fnac.pt,20181013,Apple iPhone 8 - 64GB - Cinzento Sideral,"['719,99']",Sem Promocao
www.fnac.pt,20181013,Apple iPhone 8 Plus - 64GB - Cinzento Sideral,"['829,99']",Sem Promocao
www.fnac.pt,20181013,Apple iPhone 8 Plus - 64GB - Dourado,"['829,99']",Sem Promocao
www.fnac.pt,20181013,Apple iPhone 8 - 64GB - Prateado,"['719,99']",Sem Promocao
www.fnac.pt,20181013,Apple iPhone 8 - 64GB - Dourado,"['719,99']",Sem Promocao
www.fnac.pt,20181013,Apple iPhone 8 - 256GB - Cinzento Sideral,"['889,99']",Sem Promocao
www.fnac.pt,20181013,Apple iPhone 8 Plus - 256GB - Prateado,"['999,99']",Sem Promocao
www.fnac.pt,20181013,Apple iPhone 8 Plus - 64GB - Prateado,"['829,99']",Sem Promocao
www.fnac.pt,20181013,Apple iPhone 8 Plus - 256GB - Cinzento Sideral,"['999,99']",Sem Promocao
www.fnac.pt,20181013,Apple iPhone 8 - 256GB - Prateado,"['889,99']",Sem Promocao
www.fnac.pt,20181013,Apple iPhone 8 Plus - 256GB - Dourado,"['999,99']",Sem Promocao
www.fnac.pt,20181013,Apple iPhone 8 Plus - 64GB - (Product) Red - Edição Especial,"['744,90']",Sem Promocao
www.fnac.pt,20181013,Apple iPhone 8 - 64GB - (Product) Red - Edição Especial,"['641,90']",Sem Promocao
www.fnac.pt,20181013,Apple iPhone 8 - 256GB - (Product) Red - Edição Especial,['768'],Sem Promocao
www.fnac.pt,20181013,Apple iPhone 8 Plus - 256GB - (Product) Red - Edição Especial,['888'],Sem Promocao
www.fnac.pt,20180719,Apple iPhone 8 - 64GB - Cinzento Sideral,"['829,99']",Sem Promocao
www.fnac.pt,20180719,Apple iPhone 8 - 64GB - (Product) Red - Edição Especial,['665'],Sem Promocao
www.fnac.pt,20180719,Apple iPhone 8 - 64GB - Dourado,"['829,99']",Sem Promocao
www.fnac.pt,20180719,Apple iPhone 8 Plus - 64GB - (Product) Red - Edição Especial,['781'],Sem Promocao
www.fnac.pt,20180719,Apple iPhone 8 - 64GB - Prateado,"['829,99']",Sem Promocao
www.fnac.pt,20180719,Apple iPhone 8 Plus - 64GB - Cinzento Sideral,"['939,99']",Sem Promocao
www.fnac.pt,20180719,Apple iPhone 8 Plus - 64GB - Dourado,"['939,99']",Sem Promocao
www.fnac.pt,20180719,Apple iPhone 8 Plus - 64GB - Prateado,"['939,99']",Sem Promocao
www.fnac.pt,20180719,Apple iPhone 8 - 256GB - Cinzento Sideral,"['842,99']",Sem Promocao
www.fnac.pt,20180719,Apple iPhone 8 Plus - 256GB - Dourado,"['1119,99']",Sem Promocao
www.fnac.pt,20180719,Apple iPhone 8 Plus - 256GB - Cinzento Sideral,"['1119,99']",Sem Promocao
www.fnac.pt,20180719,Apple iPhone 8 Plus - 256GB - Prateado,"['1138,40']",Sem Promocao
www.fnac.pt,20180719,Apple iPhone 8 Plus - 256GB - (Product) Red - Edição Especial,['1186'],Sem Promocao
www.fnac.pt,20180719,Apple iPhone 8 - 256GB - (Product) Red - Edição Especial,"['1009,99']",Sem Promocao
www.fnac.pt,20180719,Apple iPhone 8 - 256GB - Prateado,"['1009,99']",Sem Promocao
www.fnac.pt,20180719,Apple iPhone 8 - 256GB - Dourado,"['1009,99']",Sem Promocao
www.fnac.pt,20181013,Apple iPhone X - 256GB - Cinzento Sideral,"['1229,99']",Sem Promocao
www.fnac.pt,20181013,Apple iPhone X - 256GB - Prateado,"['1229,99']",Sem Promocao
www.fnac.pt,20181013,Apple iPhone X - 64GB - Cinzento Sideral,"['1059,99']",Sem Promocao
www.fnac.pt,20181013,Apple iPhone X - 64GB - Prateado,"['1059,99']",Sem Promocao
www.fnac.pt,20181013,Apple iPhone X - 64GB - Prateado,"['1029,99', '1179,99']",Sem Promocao
www.fnac.pt,20181013,Apple iPhone X - 64GB - Cinzento Sideral,"['993,10']",Sem Promocao
www.fnac.pt,20181013,Apple iPhone X 64GB Prateado,['910'],Sem Promocao
www.fnac.pt,20181013,Apple iPhone X 256GB Cinzento,['1060'],Sem Promocao
www.fnac.pt,20181013,Apple iPhone X 64GB Cinzento,['910'],Sem Promocao
www.fnac.pt,20181013,Apple iPhone X 256GB Prateado,['1060'],Sem Promocao
www.fnac.pt,20190423,Apple iPhone XR - 64GB - Preto,"['879,99']",Sem Promocao
www.fnac.pt,20190423,Apple iPhone XR - 64GB - Branco,"['879,99']",Sem Promocao
www.fnac.pt,20190423,Apple iPhone XR - 64GB - Amarelo,"['879,99']",Sem Promocao
www.fnac.pt,20190423,Apple iPhone XR - 128GB - Preto,"['939,99']",Sem Promocao
www.fnac.pt,20190423,Apple iPhone XR - 256GB - Preto,"['1049,99']",Sem Promocao
www.fnac.pt,20190423,Apple iPhone XR - 128GB - Branco,"['939,99']",Sem Promocao
www.fnac.pt,20190423,Apple iPhone XR - 128GB - Azul,"['939,99']",Sem Promocao
www.fnac.pt,20190423,Apple iPhone XR - 64GB - Azul,"['879,99']",Sem Promocao
www.fnac.pt,20190423,Apple iPhone XR - 64GB - Coral,"['879,99']",Sem Promocao
www.fnac.pt,20190423,Apple iPhone XR - 64GB - (Product) Red,"['879,99']",Sem Promocao
www.fnac.pt,20190423,Apple iPhone XR - 128GB - Amarelo,"['939,99']",Sem Promocao
www.fnac.pt,20190423,Apple iPhone XR - 256GB - Coral,"['1049,99']",Sem Promocao
www.fnac.pt,20190423,Apple iPhone XR - 256GB - Branco,"['1049,99']",Sem Promocao
www.fnac.pt,20190423,Apple iPhone XR - 128GB - Coral,"['939,99']",Sem Promocao
www.fnac.pt,20190423,Apple iPhone XR - 256GB - Azul,"['1049,99']",Sem Promocao
www.fnac.pt,20190423,Apple iPhone XR - 256GB - Amarelo,"['1049,99']",Sem Promocao
www.fnac.pt,20190423,Apple iPhone XR - 256GB - (Product) Red,"['979,99']",Sem Promocao
www.fnac.pt,20190423,Apple iPhone XR - 128GB - (Product) Red,"['846,87']",Sem Promocao
www.fnac.pt,20190423,Apple iPhone XR 128GB Vermelho,['796'],Sem Promocao
www.fnac.pt,20190423,Apple iPhone XR 64GB Coral,['738'],Sem Promocao
www.fnac.pt,20180719,Apple iPhone X - 64GB - Prateado,"['1179,99']",Sem Promocao
www.fnac.pt,20180719,Apple iPhone X - 64GB - Cinzento Sideral,"['1179,99']",Sem Promocao
www.fnac.pt,20180719,Apple iPhone X - 256GB - Cinzento Sideral,"['1359,99']",Sem Promocao
www.fnac.pt,20180719,Apple iPhone X - 256GB - Prateado,"['1102,50']",Sem Promocao
www.fnac.pt,20180719,Apple iPhone X - 64GB - Prateado,['1009'],Sem Promocao
www.fnac.pt,20180719,Apple iPhone X 64GB Cinzento,['1009'],Sem Promocao
www.fnac.pt,20180719,Apple iPhone X 256GB Cinzento,['1199'],Sem Promocao
www.fnac.pt,20180719,Apple iPhone X 256GB Prateado,"['1148,90']",Sem Promocao
www.fnac.pt,20180719,Apple iPhone X 64GB Prateado,['999'],Sem Promocao
www.fnac.pt,20190423,Apple iPhone XR 64GB Azul,"['896,30']",Sem Promocao
www.fnac.pt,20190423,Apple iPhone XR 64GB Amarelo,"['893,50']",Sem Promocao
www.fnac.pt,20190423,Apple iPhone XR 64GB Preto,['770'],Sem Promocao
www.fnac.pt,20190423,Apple iPhone XR 256GB Azul,['839'],Sem Promocao
www.fnac.pt,20190423,Apple iPhone XR 128GB Azul,['802'],Sem Promocao
www.fnac.pt,20190423,Apple iPhone XR 256GB Coral,['940'],Sem Promocao
www.fnac.pt,20190423,Apple iPhone XR 128GB Amarelo,['797'],Sem Promocao
www.fnac.pt,20190423,Apple iPhone XR 256GB Vermelho,"['1060,70']",Sem Promocao
www.fnac.pt,20190423,Apple iPhone XR 256GB Preto,"['1155,69']",Sem Promocao
www.fnac.pt,20190423,Apple iPhone XR 128GB Preto,['807'],Sem Promocao
www.fnac.pt,20190423,Apple iPhone XR 256GB Branco,"['1060,70']",Sem Promocao
www.fnac.pt,20190423,Apple iPhone XR 128GB Branco,['810'],Sem Promocao
www.fnac.pt,20190423,Apple iPhone XR 64GB Vermelho,['769'],Sem Promocao
www.fnac.pt,20190423,Apple iPhone XR 64GB Amarelo,['747'],Sem Promocao
www.fnac.pt,20190423,Apple iPhone XR 64GB Azul,['747'],Sem Promocao
www.fnac.pt,20190423,Apple iPhone XR 64GB Preto,['769'],Sem Promocao
www.fnac.pt,20190423,Apple iPhone XR 64GB Branco,['765'],Sem Promocao
www.fnac.pt,20190423,Apple iPhone XS - 64GB - Dourado,"['1179,99']",Sem Promocao
www.fnac.pt,20190423,Apple iPhone XS - 64GB - Prateado,"['1179,99']",Sem Promocao
www.fnac.pt,20190423,Apple iPhone XS Max- 64GB - Dourado,"['1279,99']",Sem Promocao
www.fnac.pt,20190423,Apple iPhone XS Max- 64GB - Cinzento Sideral,"['1279,99']",Sem Promocao
www.fnac.pt,20190423,Apple iPhone XS - 64GB - Cinzento Sideral,"['1179,99']",Sem Promocao
www.fnac.pt,20190423,Apple iPhone XS - 256GB - Cinzento Sideral,"['1349,99']",Sem Promocao
www.fnac.pt,20190423,Apple iPhone XS Max- 256GB - Prateado,"['1449,99']",Sem Promocao
www.fnac.pt,20190423,Apple iPhone XS - 256GB - Prateado,"['1349,99']",Sem Promocao
www.fnac.pt,20190423,Apple iPhone XS Max- 256GB - Cinzento Sideral,"['1449,99']",Sem Promocao
www.fnac.pt,20190423,Apple iPhone XS Max- 256GB - Dourado,"['1449,99']",Sem Promocao
www.fnac.pt,20190423,Apple iPhone XS Max- 64GB - Prateado,"['1279,99']",Sem Promocao
www.fnac.pt,20190423,Apple iPhone XS - 512GB - Dourado,"['1579,99']",Sem Promocao
www.fnac.pt,20190423,Apple iPhone XS - 256GB - Dourado,"['1349,99']",Sem Promocao
www.fnac.pt,20190423,Apple iPhone XS Max- 512GB - Dourado,"['1679,99']",Sem Promocao
www.fnac.pt,20190423,Apple iPhone XS Max- 512GB - Prateado,"['1679,99']",Sem Promocao
www.fnac.pt,20190423,Apple iPhone XS - 512GB - Cinzento Sideral,['1240'],Sem Promocao
www.fnac.pt,20190423,Apple iPhone XS - 512GB - Prateado,"['1579,99']",Sem Promocao
www.fnac.pt,20190423,Apple iPhone XS Max- 512GB - Cinzento Sideral,"['1679,99']",Sem Promocao
www.fnac.pt,20190423,Apple iPhone XS 512GB Dourado,"['1602,80']",Sem Promocao
www.fnac.pt,20190423,Apple iPhone XS Max 64GB Dourado,"['1129,85']",Sem Promocao
www.fnac.pt,20190423,Apple iPhone XS Max 64GB Cinzento,['1096'],Sem Promocao
www.fnac.pt,20190423,Apple iPhone XS 64GB Cinzento,"['1006,73']",Sem Promocao
www.fnac.pt,20190423,Apple iPhone XS Max 256GB Dourado,"['1285,61']",Sem Promocao
www.fnac.pt,20190423,Apple iPhone XS Max 256GB Prateado,"['1250,21']",Sem Promocao
www.fnac.pt,20190423,Apple iPhone XS Max 64GB Prateado,"['1117,88']",Sem Promocao
www.fnac.pt,20190423,Apple iPhone XS 64GB Prateado,"['984,71']",Sem Promocao
www.fnac.pt,20190423,Apple iPhone XS 64GB Dourado,['1011'],Sem Promocao
www.fnac.pt,20190423,Apple iPhone XS 256GB Dourado,"['1167,61']",Sem Promocao
www.fnac.pt,20190423,Apple iPhone XS Max 512GB Dourado,"['1795,90']",Sem Promocao
www.fnac.pt,20190423,Apple iPhone XS Max 512GB Prateado,['1565'],Sem Promocao
www.fnac.pt,20190423,Apple iPhone XS Max 512GB Cinzento,['1565'],Sem Promocao
www.fnac.pt,20190423,Apple iPhone XS Max 256GB Dourado,['1355'],Sem Promocao
www.fnac.pt,20190423,Apple iPhone XS Max 256GB Prateado,"['1471,10']",Sem Promocao
www.fnac.pt,20190423,Apple iPhone XS Max 256GB Cinzento,"['1482,10']",Sem Promocao
www.fnac.pt,20190423,Apple iPhone XS 512GB Prateado,"['1602,80']",Sem Promocao
www.fnac.pt,20190423,Apple iPhone XS 512GB Cinzento,"['1309,88']",Sem Promocao
www.fnac.pt,20190423,Apple iPhone XS 256GB Dourado,"['1382,20']",Sem Promocao
www.fnac.pt,20190423,Apple iPhone XS 256GB Prateado,['1474'],Sem Promocao
www.fnac.pt,20190423,Apple iPhone XS 256GB Cinzento,"['1484,80']",Sem Promocao
www.fnac.pt,20190423,Apple iPhone XS Max 64GB Cinzento,"['1117,42']",Sem Promocao
www.fnac.pt,20181107,Apple iPhone XR - 256GB - Azul - iPhone - Compra na Fnac.pt,"['1049,99']",Sem Promocao
www.fnac.pt,20181107,Apple iPhone XS - 64GB - Prateado - iPhone - Compra na Fnac.pt,"['1179,99']",Sem Promocao
www.fnac.pt,20181107,Apple iPhone XS - 256GB - Dourado - iPhone - Compra na Fnac.pt,"['1349,99']",Sem Promocao
www.fnac.pt,20170819,Consola Sony PS4 Slim 1TB + Uncharted 4 + Horizon Zero Dawn,"['369,99']",Sem Promocao
www.fnac.pt,20170819,Consola Sony PS4 Slim 1TB + Uncharted 4 + GTA V,"['369,99']",Sem Promocao
www.fnac.pt,20170819,Consola Sony PS4 Slim 1TB + Ratchet & Clank + Crash Bandicoot N. Sane Trilogy,"['349,99']",Sem Promocao
www.fnac.pt,20170819,Consola Sony PS4 Slim 500GB Dourada (Gold) - Edição Especial 2 Comandos,"['349,99', '389,99']",Sem Promocao
www.fnac.pt,20170819,Consola Sony PS4 Pro 1TB + Voucher PlayStation 10€,"['399,99']",Sem Promocao
www.fnac.pt,20170819,Consola Sony PS4 Slim 500GB Preta,"['299,99']",Sem Promocao
www.fnac.pt,20170819,Consola Sony PS4 Slim 1TB,"['478,99']",Sem Promocao
www.fnac.pt,20170819,Consola Sony PS4 Slim 500GB Prateada (Sliver) - Edição Especial 2 Comandos,"['398,99']",Sem Promocao
www.fnac.pt,20170819,Pack Consola Sony PS4 Slim 1TB + Ratchet & Clank + Crash Bandicoot N. Sane Trilogy + FIFA 17,"['399,99']",Sem Promocao
www.fnac.pt,20170819,Pack Consola Sony PS4 Pro 1TB + GTA V,"['429,90']",Sem Promocao
www.fnac.pt,20170819,Consola Sony PS4 Slim 500GB Branca / Glacier White,"['342,03']",Sem Promocao
www.fnac.pt,20170819,Consola Sony PS4 Slim 1TB + The Last Guardian,"['399,99']",Sem Promocao
www.fnac.pt,20170819,Consola Sony PS4 Slim 1TB + Final Fantasy XV - Edição Limitada,"['499,99']",Sem Promocao
www.fnac.pt,20170819,Consola Sony PS4 Pro 1TB,['399'],Sem Promocao
www.fnac.pt,20170819,Consola Sony PS4 Slim 1TB + Call of Duty: Infinite Warfare,"['379,99']",Sem Promocao
www.fnac.pt,20170819,Consola Sony PS4 Slim 1TB + Mafia III,"['369,99']",Sem Promocao
www.fnac.pt,20170819,Pack Consola Sony PS4 Slim 500GB + Pro Evolution Soccer 2017,"['344,99']",Sem Promocao
www.fnac.pt,20170819,Consola Sony PS4 1TB + Street Fighter V,"['369,99']",Sem Promocao
www.fnac.pt,20170819,Ni no Kuni II: Revenant Kingdom: Princes's Edition PS4,"['94,99']",Sem Promocao
www.fnac.pt,20170819,Ni no Kuni II: Revenant Kingdom: King's Edition PS4,"['159,99']",Sem Promocao
www.fnac.pt,20170819,Destiny 2 Collector's Edition PS4,"['249,99']",Sem Promocao
www.fnac.pt,20170819,Star Wars: Battlefront II: Elite Trooper Deluxe Edition PS4,"['89,99']",Sem Promocao
www.fnac.pt,20181013,Thrustmaster Volante TX Ferrari 458 Racing Xbox One / PC,"['349,99']",Sem Promocao
www.fnac.pt,20181013,Thrustmaster Volante TMX Force Feedback - Xbox One,"['175,65']",Sem Promocao
www.fnac.pt,20181013,Thrustmaster TX Racing Wheel Leather Edition Xbox One,"['399,30']",Sem Promocao
www.fnac.pt,20181013,Thrustmaster Ferrari 458 Spider Racing Wheel,"['94,95']",Sem Promocao
www.fnac.pt,20181013,Thrustmaster TMX Pro Racing Wheel Xbox One,"['219,94']",Sem Promocao
www.fnac.pt,20170819,Destiny 2 Limited Edition Xbox One,"['109,99']",Sem Promocao
www.fnac.pt,20170819,Destiny 2 Collector’s Edition Xbox One,"['249,99']",Sem Promocao
www.fnac.pt,20170819,Forza Motosport 7 Ultimate Edition Xbox One,"['84,99', '99,99']",Sem Promocao
www.fnac.pt,20170819,Star Wars: Battlefront II: Elite Trooper Deluxe Edition Xbox One,"['89,99']",Sem Promocao
www.fnac.pt,20170819,Dark Souls III Collector's Edition Xbox One,['90'],Sem Promocao
www.fnac.pt,20170819,Syberia 3 Collector's Edition Xbox One,"['129,99']",Sem Promocao
www.fnac.pt,20170819,Stardew Valley Collector's Edition XBox One,"['30,99']",Sem Promocao
www.fnac.pt,20170819,Deus Ex: Mankind Divided Collector's Edition Xbox One,['89'],Sem Promocao
www.fnac.pt,20170819,Mafia III Collector's Edition Xbox One,"['159,99']",Sem Promocao
www.fnac.pt,20170819,Hitman Collector's Edition Xbox One,['122'],Sem Promocao
www.fnac.pt,20170819,Tekken 7 Collector's Edition Xbox One,"['152,99']",Sem Promocao
www.fnac.pt,20170819,Rocket League Collector's Edition Xbox One,"['29,95']",Sem Promocao
www.fnac.pt,20170819,Halo 5: Guardians Limited Collector's Edition Xbox One,"['199,99']",Sem Promocao
www.fnac.pt,20170819,Assassin's Creed Origins Gods Collector's Edition Xbox One,"['129,99']",Sem Promocao
www.fnac.pt,20170819,Project C.A.R.S. 2 Collector's Edition Xbox One,"['159,99']",Sem Promocao
www.fnac.pt,20170819,South Park: The Fractured But Whole Collector's Edition Xbox One,"['99,99']",Sem Promocao
www.fnac.pt,20170819,Dragon Ball: Xenoverse 2 Collector's Edition Xbox One,"['159,99']",Sem Promocao
www.fnac.pt,20170819,Metal Gear Solid V: The Phantom Pain Collector's Edition Xbox One,"['129,99']",Sem Promocao
www.worten.pt,20170223,Smartphone HUAWEI P8 Lite Preto | Worten.pt,"['199,99', '229,99']",Sem Promocao
www.worten.pt,20180720,Smartphone HUAWEI P20 128GB Preto | Worten.pt,"['579,99', '699,99']",Sem Promocao
www.worten.pt,20180720,Smartphone HUAWEI P20 128GB Azul | Worten.pt,"['579,99', '699,99']",Sem Promocao
www.worten.pt,20190902,Smartphone HUAWEI P30 Pro (6.47'' - 8 GB - 128 GB - Preto) - WORTEN,"['849,99', '999,99']",Sem Promocao
www.worten.pt,20201231,Smartphone HUAWEI P40 Pro 5G (6.58'' - 8 GB - 256 GB - Preto) + Watch Fit Active + FreeBuds 3 | Wort,"['899,99', '1049,00']",Sem Promocao
www.worten.pt,20201223,Smartphone HUAWEI P40 Pro 5G (6.58'' - 8 GB - 256 GB - Preto) + Watch Fit Active + FreeBuds 3 | Wort,"['899,99', '1049,00']",Sem Promocao
www.worten.pt,20180720,Smartphone SAMSUNG Galaxy S8 64 GB Prateado | Worten.pt,"['585,99', '719,99']",Sem Promocao
www.worten.pt,20180825,Smartphone SAMSUNG Galaxy S8 64 GB Preto Meia Noite | Worten.pt,"['599,99', '719,99']",Sem Promocao
www.worten.pt,20180720,Smartphone SAMSUNG Galaxy S9+ 64 GB Azul | Worten.pt,"['969,99']",Sem Promocao
www.worten.pt,20180720,Smartphone SAMSUNG Galaxy S9 64 GB Azul | Worten.pt,"['869,99']",Sem Promocao
www.worten.pt,20201130,Smartphone SAMSUNG Galaxy S20 (6.2'' - 8 GB - 128 GB - Cinzento) - Black Friday | Worten.pt,"['599,99', '909,00']",Sem Promocao
www.worten.pt,20180720,Smartphone APPLE iPhone 8 64GB Dourado | Worten.pt,"['829,99']",Sem Promocao
www.worten.pt,20180720,Smartphone APPLE iPhone 8 64GB Prateado | Worten.pt,"['829,99']",Sem Promocao
www.worten.pt,20180720,Smartphone APPLE iPhone X 64GB Prateado | Worten.pt,"['1179,00']",Sem Promocao
www.worten.pt,20180720,Smartphone APPLE iPhone X 256GB Cinzento sideral | Worten.pt,"['1359,00']",Sem Promocao
www.worten.pt,20181109,Smartphone APPLE iPhone XR 64 GB Preto | Worten.pt,"['879,99']",Sem Promocao
www.worten.pt,20181109,Smartphone APPLE iPhone XS 256 GB Dourado | Worten.pt,"['1349,00']",Sem Promocao
www.worten.pt,20181109,Smartphone APPLE iPhone XS 64 GB Prateado | Worten.pt,"['1179,00']",Sem Promocao
www.worten.pt,20181109,Smartphone HUAWEI Mate 20 Pro 128GB Preto | Worten.pt,"['1049,00']",Sem Promocao
www.worten.pt,20190902,Smartphone XIAOMI Mi 9 (6.39'' - 6 GB - 64 GB - Preto) - WORTEN,"['379,99']",Sem Promocao
www.worten.pt,20181109,Consola PS4 Pro 1 TB + Jogo Red Dead Redemption 2,"['439,99']",Sem Promocao
www.worten.pt,20181109,Consola PS4 Slim 500 GB + Jogo Fortnite,"['299,99']",Sem Promocao
www.worten.pt,20181109,Consola PS4 Pro 1 TB + Voucher Jogo Fortnite,"['399,99']",Sem Promocao
www.worten.pt,20181109,Consola PS4 Slim 1TB Marvel's Spider-Man (Edição Limitada),"['379,99']",Sem Promocao
www.worten.pt,20181109,Consola PS4 Red Dead Redemption 2,"['349,99']",Sem Promocao
www.worten.pt,20181109,Consola PS4 Slim 1TB + Jogo Marvel's Spider-Man,"['349,99']",Sem Promocao
www.worten.pt,20181109,Consola PS4 Slim 1TB (Edição Especial) + Jogo Gran Turismo Sport Edição Plus,"['379,99']",Sem Promocao
www.worten.pt,20181109,Consola PS4 Slim 500GB Preta,"['299,99']",Sem Promocao
www.worten.pt,20190130,Consola PS4 Pro 1TB Preta,"['399,99']",Sem Promocao
www.worten.pt,20190130,Consola PS4 Slim 500GB Preta,"['323,16']",Sem Promocao
www.worten.pt,20190130,Consola 1TB Pro + Kingdom Hearts III,"['469,99']",Sem Promocao
www.worten.pt,20190130,Consola PS4 Slim 500 GB + Jogo Fortnite,"['376,09']",Sem Promocao
www.worten.pt,20190130,Consola PS4 Slim 1TB Preta + 2 Comandos Dualshock 4,"['349,99']",Sem Promocao
www.worten.pt,20190130,Consola PS4 Slim 500 GB Days of Play,"['598,00']",Sem Promocao
www.worten.pt,20201220,Consola PS4 Slim + FIFA 21 (500 GB),"['339,99']",Sem Promocao
www.worten.pt,20201220,Consola PS4 Slim + Horizon Zero Dawn + Ratchet & Clank + Spider-man (500 GB),"['339,99']",Sem Promocao
www.worten.pt,20201220,Consola PS4 Pro + FIFA 21 (1 TB),"['369,99']",Sem Promocao
www.worten.pt,20201220,Consola PS4 Pro (1 TB),"['401,10']",Sem Promocao
www.worten.pt,20201220,Consola PS4 Slim (500 GB),"['325,00']",Sem Promocao
www.worten.pt,20201220,Consola PS4 Pro + FIFA 20 (1 TB),"['369,99']",Sem Promocao
www.worten.pt,20201220,Consola PS4 Pro Playstation HITS (1 TB),"['499,99']",Sem Promocao
www.worten.pt,20201220,Consola PS4 Pro (1 TB),"['539,79']",Sem Promocao
www.worten.pt,20201220,Consola PS4 Slim + FIFA 20 + Voucher (1 TB),"['560,90']",Sem Promocao
www.worten.pt,20201220,Consola PS4 Pro + The Last of Us Parte II (1 TB),"['599,99']",Sem Promocao
www.worten.pt,20201220,Consola PS4 Pro + Fortnite + Voucher (1 TB),"['579,99']",Sem Promocao
www.worten.pt,20201220,Consola PS4 Slim + FIFA 20 + Voucher (500 GB),"['620,99']",Sem Promocao
www.worten.pt,20201220,Consola PS4 Pro 500M (Edição Limitada - 2 TB),"['2298,85']",Sem Promocao
www.worten.pt,20201220,Consola PS4 Slim + Fortnite + Voucher (500 GB),"['492,20']",Sem Promocao
www.worten.pt,20201220,Consola PS4 Standard + GTA V (500 GB),"['620,99']",Sem Promocao
www.worten.pt,20201220,Consola PS4 Slim + Horizon Zero Dawn + The Last of Us + Uncharted 4 (1 TB),"['620,99']",Sem Promocao
www.worten.pt,20201220,Consola PS4 Pro Kingdom Hearts III (Limited Edition - 1 TB),"['699,90']",Sem Promocao
www.worten.pt,20201220,Consola PS4 Slim + Voucher Fortnite (500 GB),"['562,35']",Sem Promocao
www.worten.pt,20201220,Consola PS4 Pro (1 TB),"['747,49']",Sem Promocao
www.worten.pt,20201220,Consola PS4 Slim + FIFA 19 (1 TB),"['574,99']",Sem Promocao
www.worten.pt,20201220,Consola PS4 Slim + FIFA 20 + Voucher (1 TB),"['632,49']",Sem Promocao
www.worten.pt,20201220,Consola PS4 Slim +  The Last of Us + Horizon Zero Dawn + Uncharted  (1 TB),"['620,99']",Sem Promocao
www.worten.pt,20201220,Consola PS4 Slim + Uncharted 4 (1 TB),"['499,00']",Sem Promocao
www.worten.pt,20201220,Consola PS4 Standard + Knack (500 GB),"['517,49']",Sem Promocao
www.worten.pt,20201219,Consola PS4 Slim + FIFA 21 (500 GB),"['339,99']",Sem Promocao
www.worten.pt,20201219,Consola PS4 Slim + Horizon Zero Dawn + Ratchet & Clank + Spider-man (500 GB),"['339,99']",Sem Promocao
www.worten.pt,20201219,Consola PS4 Pro + FIFA 21 (1 TB),"['369,99']",Sem Promocao
www.worten.pt,20201219,Consola PS4 Pro (1 TB),"['401,10']",Sem Promocao
www.worten.pt,20201219,Consola PS4 Slim (500 GB),"['325,00']",Sem Promocao
www.worten.pt,20201219,Consola PS4 Pro + FIFA 20 (1 TB),"['369,99']",Sem Promocao
www.worten.pt,20201219,Consola PS4 Pro Playstation HITS (1 TB),"['499,99']",Sem Promocao
www.worten.pt,20201219,Consola PS4 Pro (1 TB),"['539,79']",Sem Promocao
www.worten.pt,20201219,Consola PS4 Slim + FIFA 20 + Voucher (1 TB),"['560,90']",Sem Promocao
www.worten.pt,20201219,Consola PS4 Pro + The Last of Us Parte II (1 TB),"['599,99']",Sem Promocao
www.worten.pt,20201219,Consola PS4 Pro + Fortnite + Voucher (1 TB),"['579,99']",Sem Promocao
www.worten.pt,20201219,Consola PS4 Slim + FIFA 20 + Voucher (500 GB),"['620,99']",Sem Promocao
www.worten.pt,20201219,Consola PS4 Pro 500M (Edição Limitada - 2 TB),"['2298,85']",Sem Promocao
www.worten.pt,20201219,Consola PS4 Slim + Fortnite + Voucher (500 GB),"['492,20']",Sem Promocao
www.worten.pt,20201219,Consola PS4 Standard + GTA V (500 GB),"['620,99']",Sem Promocao
www.worten.pt,20201219,Consola PS4 Slim + Horizon Zero Dawn + The Last of Us + Uncharted 4 (1 TB),"['620,99']",Sem Promocao
www.worten.pt,20201219,Consola PS4 Pro Kingdom Hearts III (Limited Edition - 1 TB),"['699,90']",Sem Promocao
www.worten.pt,20201219,Consola PS4 Slim + Voucher Fortnite (500 GB),"['562,35']",Sem Promocao
www.worten.pt,20201219,Consola PS4 Pro (1 TB),"['747,49']",Sem Promocao
www.worten.pt,20201219,Consola PS4 Slim + FIFA 19 (1 TB),"['574,99']",Sem Promocao
www.worten.pt,20201219,Consola PS4 Slim + FIFA 20 + Voucher (1 TB),"['632,49']",Sem Promocao
www.worten.pt,20201219,Consola PS4 Slim +  The Last of Us + Horizon Zero Dawn + Uncharted  (1 TB),"['620,99']",Sem Promocao
www.worten.pt,20201219,Consola PS4 Slim + Uncharted 4 (1 TB),"['499,00']",Sem Promocao
www.worten.pt,20201219,Consola PS4 Standard + Knack (500 GB),"['517,49']",Sem Promocao
www.worten.pt,20141022,Jogos Xbox One,"['49,99']",Sem Promocao
www.worten.pt,20191121,Consola Xbox One S Star Wars Jedi: Fallen Order (1 TB - Branco),"['150,00']",Sem Promocao
www.worten.pt,20191121,Consola XBOX ONE S + 2º comando (1 TB - Branco),"['362,50']",Sem Promocao
www.worten.pt,20191121,Consola Xbox One S + Jogo Gears of War 5 (1 TB + Branco),"['150,00']",Sem Promocao
www.worten.pt,20191121,Consola XBOX ONE S Forza Horizon 4 (1 TB - Branco),"['289,99']",Sem Promocao
www.worten.pt,20191121,Consola Xbox One S + Jogo Tom Clancy's The Division 2 (1 TB - M18),"['150,00']",Sem Promocao
www.worten.pt,20191121,Consola Xbox One S Forza Horizon 4: Lego (1 TB - Branco),"['150,00']",Sem Promocao
www.worten.pt,20191121,Consola Xbox One S Game Pass 3 M (1 TB - Branco),"['327,62']",Sem Promocao
www.worten.pt,20191121,Consola XBOX ONE S 1 TB + Jogo Anthem (M16),"['150,00']",Sem Promocao
www.worten.pt,20191121,Consola Xbox One S GreyJoy Battlefield V (1 TB - Branco),"['150,00']",Sem Promocao
www.worten.pt,20191121,Consola XBOX ONE S Fortnite (1 TB - Branco),"['302,20']",Sem Promocao
www.worten.pt,20191121,Consola Xbox One S 1TB Roxa + Fortnite Battle Royale Special Edition,"['440,77']",Sem Promocao
www.worten.pt,20191121,Consola Xbox One S Playerunknowns Battleground (1 TB - Branco),"['227,85']",Sem Promocao
www.worten.pt,20191121,Consola XBOX ONE S Minecraft Story Mode (500 GB - Branco),"['377,11']",Sem Promocao
www.worten.pt,20191121,Consola XBOX ONE S FIFA 17 (500 GB - Branco),"['368,56']",Sem Promocao
www.worten.pt,20191121,Consola XBOX ONE S Minecraft (1 TB - Branco),"['404,69']",Sem Promocao
www.worten.pt,20191121,Consola Xbox One S Minecraft Master Creators (1 TB - Branco),"['347,74']",Sem Promocao
www.worten.pt,20191121,Consola XBOX ONE S 1TB All Digital Edition (M12),"['229,99']",Sem Promocao
www.worten.pt,20191121,Consola Xbox One X + Jogo Gears of War 5 (1 TB + Preto),"['499,99']",Sem Promocao
www.worten.pt,20191121,Consola XBOX ONE X + Jogo Fall Out (1 TB - Branco),"['420,91']",Sem Promocao
www.worten.pt,20191121,Consola XBOX ONE X Lannister Battlefield (1 TB - Preto),"['499,99']",Sem Promocao
www.worten.pt,20191121,Consola XBOX ONE X Metro Exodus (1 TB - Preto),"['499,99']",Sem Promocao
www.worten.pt,20191121,Consola XBOX ONE X + Tom Clancy's The Division 2 (1TB - M18),"['499,99']",Sem Promocao
www.worten.pt,20191121,Consola Xbox One X Star Wars Jedi: Fallen Order (1 TB - Preto),"['499,99']",Sem Promocao
www.worten.pt,20191121,Consola XBOX ONE X Forza Horizon 4 + Motorsport 7 (1 TB - Preto),"['727,87']",Sem Promocao
www.worten.pt,20181109,Xbox One | Consolas Xbox | Worten.pt,"['249,99']",Sem Promocao
www.worten.pt,20191014,Volante XBOX ONE Racing Wheel Overdrive - WORTEN,"['109,99']",Sem Promocao
www.worten.pt,20181109,Jogo Xbox One FIFA 19 (Champions Edition) | Worten.pt,"['89,99']",Sem Promocao
www.worten.pt,20201210,Consola Xbox One S (1 TB),"['249,99']",Sem Promocao
www.worten.pt,20201210,Consola Xbox One S GreyJoy Battlefield V  (1 TB),"['249,99']",Sem Promocao
www.worten.pt,20201210,Consola Xbox One S + Gears of War 5  (1 TB),"['374,40']",Sem Promocao
www.worten.pt,20201210,Consola Xbox One X + Fall Out  (1 TB),"['399,99']",Sem Promocao
www.worten.pt,20201210,Consola Xbox One S + 2º comando (1 TB - Branco),"['445,99']",Sem Promocao
www.worten.pt,20201210,Consola Xbox One X Cyberpunk 2077  (1 TB),"['773,41']",Sem Promocao
www.worten.pt,20201210,Consola Xbox One S All Digital Edition  (1 TB),"['273,20']",Sem Promocao
www.worten.pt,20201210,Consola Xbox One X (1 TB - Preto),"['648,69']",Sem Promocao
www.worten.pt,20201210,Consola Xbox One X + Tom Clancy's The Division 2  (1 TB),"['954,62']",Sem Promocao
www.worten.pt,20201210,Consola Xbox One X Gears Of War 5  (1 TB),"['599,90']",Sem Promocao
www.worten.pt,20201210,Consola Xbox One S Fortnite  (1 TB),"['302,20']",Sem Promocao
www.worten.pt,20201210,Consola XBOX ONE S FIFA 17 (1 TB - Branco),"['565,95']",Sem Promocao
www.worten.pt,20201210,Consola Xbox One S + Tom Clancy's The Division 2  (1 TB),"['328,62']",Sem Promocao
www.worten.pt,20201210,Consola XBOX ONE S Battlefield (500 GB - Branco),"['808,24']",Sem Promocao
www.worten.pt,20201210,Consola MICROSOFT Xbox One S 1TB + Comando Wireless + Xbox Live Gold 14G,"['478,66']",Sem Promocao
www.worten.pt,20201209,Consola Xbox One S (1 TB),"['249,99']",Sem Promocao
www.worten.pt,20201209,Consola Xbox One S GreyJoy Battlefield V  (1 TB),"['249,99']",Sem Promocao
www.worten.pt,20201209,Consola Xbox One S + Gears of War 5  (1 TB),"['374,40']",Sem Promocao
www.worten.pt,20201209,Consola Xbox One X + Fall Out  (1 TB),"['399,99']",Sem Promocao
www.worten.pt,20201209,Consola Xbox One S + 2º comando (1 TB - Branco),"['374,89']",Sem Promocao
www.worten.pt,20201209,Consola Xbox One X Cyberpunk 2077  (1 TB),"['773,41']",Sem Promocao
www.worten.pt,20201209,Consola Xbox One S All Digital Edition  (1 TB),"['273,20']",Sem Promocao
www.worten.pt,20201209,Consola Xbox One X (1 TB - Preto),"['623,69']",Sem Promocao
www.worten.pt,20201209,Consola Xbox One X + Tom Clancy's The Division 2  (1 TB),"['782,66']",Sem Promocao
www.worten.pt,20201209,Consola Xbox One S Fortnite  (1 TB),"['302,20']",Sem Promocao
www.worten.pt,20201209,Consola Xbox One X Gears Of War 5  (1 TB),"['599,90']",Sem Promocao
www.worten.pt,20201209,Consola Xbox One S + Tom Clancy's The Division 2  (1 TB),"['328,62']",Sem Promocao
www.worten.pt,20201201,Consola Xbox Series X (1 TB),"['499,00']",Sem Promocao
www.fnac.pt,20181123,Consola Sony PS4 1TB + Red Dead Redemption II - Consola - Compra na Fnac.pt,"['299', '349,99']",Black Friday
www.fnac.pt,20191129,Apple iPhone 8 - 64GB - Cinzento Sideral,"['499,99', '549,99']",Black Friday
www.fnac.pt,20191129,Apple iPhone XS - 64GB - Cinzento Sideral,"['829,99', '1069,99']",Black Friday
www.fnac.pt,20191129,Apple iPhone 7 - 32GB (Preto Mate),"['349,99', '449,99']",Black Friday
www.fnac.pt,20191129,Apple iPhone 8 - 64GB - Prateado,"['499,99', '549,99']",Black Friday
www.fnac.pt,20191129,Apple iPhone 7 - 32GB (Rosa Dourado),"['349,99', '449,99']",Black Friday
www.fnac.pt,20191129,Apple iPhone 7 - 32GB (Dourado),"['349,99', '449,99']",Black Friday
www.fnac.pt,20191129,Apple iPhone 7 - 32GB (Prateado),"['349,99', '449,99']",Black Friday
www.fnac.pt,20191129,Apple iPhone 8 - 64GB - Dourado,"['499,99', '549,99']",Black Friday
www.fnac.pt,20191129,Apple iPhone XS - 64GB - Dourado,"['829,99', '1069,99']",Black Friday
www.fnac.pt,20191129,Apple iPhone XS - 64GB - Prateado,"['829,99', '1069,99']",Black Friday
www.fnac.pt,20191129,"Apple MacBook Air 13'' i5-1,8GHz | 8GB | 128GB","['839', '1129']",Black Friday
www.fnac.pt,20191129,"Apple MacBook Pro 13'' Retina i5-1,4GHz | 16GB | 256GB | Intel Iris Plus Graphics 645 com Touch Bar e Touch ID - Cinzento Sideral","['1729', '2039']",Black Friday
www.fnac.pt,20191129,"Apple MacBook Air 13'' Retina | i5-1,6GHz | 8GB | 128GB - Cinzento Sideral","['999', '1279']",Black Friday
www.fnac.pt,20191129,"Apple MacBook Pro 15'' Retina i7-2,6GHz | 16GB | 512GB | Radeon Pro 555X com Touch Bar e Touch ID - Cinzento Sideral","['2349', '3040,27']",Black Friday
www.fnac.pt,20191129,"Apple MacBook Air 13'' Retina | i5-1,6GHz | 8GB | 256GB - Cinzento Sideral","['1289', '1529']",Black Friday
www.fnac.pt,20191129,"Apple MacBook Pro 13'' Retina i5-1,4GHz | 8GB | 128GB | Intel Iris Plus Graphics 645 com Touch Bar e Touch ID - Prateado","['1199', '1549']",Black Friday
www.fnac.pt,20191129,"Apple MacBook Pro 13'' Retina i5-1,4GHz | 8GB | 128GB | Intel Iris Plus Graphics 645 com Touch Bar e Touch ID - Cinzento Sideral","['1199', '1549']",Black Friday
www.fnac.pt,20191129,"Apple MacBook Air 13'' Retina | i5-1,6GHz | 8GB | 128GB - Dourado","['999', '1279']",Black Friday
www.fnac.pt,20191129,"Apple MacBook Air 13'' Retina | i5-1,6GHz | 8GB | 128GB - Prateado","['999', '1279']",Black Friday
www.fnac.pt,20191129,"Apple MacBook Pro 13'' Retina i5-2,4GHz | 8GB | 256GB | Intel Iris Plus Graphics 655 com Touch Bar e Touch ID - Prateado","['1784', '2099']",Black Friday
www.fnac.pt,20191129,Novo iPad Apple 10.2'' Wi-Fi - 32GB - Cinzento Sideral 2019,"['349', '399']",Black Friday
www.fnac.pt,20191129,Novo iPad Apple 10.2'' Wi-Fi - 32GB - Prateado 2019,"['349', '399']",Black Friday
www.fnac.pt,20191129,Apple iPad Pro 11'' - 64GB WiFi - Cinzento Sideral,"['799', '909']",Black Friday
www.fnac.pt,20191129,Novo iPad Apple 10.2'' Wi-Fi - 32GB - Dourado 2019,"['349', '399']",Black Friday
www.fnac.pt,20191129,Apple iPad Pro 11'' - 256GB WiFi - Cinzento Sideral,['1079'],Black Friday
www.fnac.pt,20191129,"Apple MacBook Pro 13'' Retina i7-2,8GHz | 16GB | 512GB | Intel Iris Plus Graphics 655 com Touch Bar e Touch ID - Cinzento Sideral",['2949'],Black Friday
www.fnac.pt,20191129,"Apple MacBook Pro 13'' Retina i5-1,4GHz | 16GB | 128GB | Intel Iris Plus Graphics 645 com Touch Bar e Touch ID - Cinzento Sideral",['1789'],Black Friday
www.fnac.pt,20191129,"Apple MacBook Pro 13'' Retina i5-1,4GHz | 8GB | 256GB | Intel Iris Plus Graphics 645 com Touch Bar e Touch ID - Cinzento Sideral",['1799'],Black Friday
www.fnac.pt,20191129,Apple iPhone XR - 64GB - Preto,['610'],Black Friday
www.fnac.pt,20191129,Apple Iphone 6 - 16GB - Cinzento Sideral - Recondicionado Grade A + Capa + Película,"['169,99', '269,99']",Black Friday
www.fnac.pt,20191129,Apple iPhone 7 - 32GB - Cinzento Sideral - Recondicionado Grade A,"['279,99', '529,99']",Black Friday
www.fnac.pt,20191129,Apple iPhone XR - 64GB - Branco,['610'],Black Friday
www.fnac.pt,20191129,Apple iPhone 11 - 128GB - Preto,"['793,99']",Black Friday
www.fnac.pt,20191129,Apple iphone 7 - 32GB - Prateado - Recondicionado Grade A,"['279,99', '329,99']",Black Friday
www.fnac.pt,20191129,Apple iPhone 11 Pro - 64GB - Cinzento Sideral,['1062'],Black Friday
www.fnac.pt,20191129,Apple iPhone 11 - 64GB - Preto,"['829,99']",Black Friday
www.fnac.pt,20191129,Apple iPad - 32GB Wi-Fi - Cinzento Sideral,"['295', '369']",Black Friday
www.fnac.pt,20191129,Novo iPad Apple 10.2'' Wi-Fi - 128GB - Cinzento Sideral 2019,['499'],Black Friday
www.fnac.pt,20191129,Novo iPad Apple 10.2'' Wi-Fi - 128GB - Dourado 2019,['499'],Black Friday
www.fnac.pt,20191129,Apple iPad Air 10.5'' Wi-Fi - 64GB - Cinzento Sideral 2019,['579'],Black Friday
www.fnac.pt,20191129,Novo iPad Apple 10.2'' Wi-Fi - 128GB - Prateado 2019,['499'],Black Friday
www.fnac.pt,20191129,Apple iPad Air 10.5'' Wi-Fi - 256GB - Cinzento Sideral 2019,['749'],Black Friday
www.fnac.pt,20191129,Apple iPad Pro 12.9'' - 256GB WiFi - Cinzento Sideral,['1299'],Black Friday
www.fnac.pt,20191129,Computador Portátil Microsoft Surface Pro 7 - Platina - Core i5 | 128GB | 8GB,"['799', '1069']",Black Friday
www.fnac.pt,20191129,Computador Portátil Lenovo Ideapad S340-15API,"['429,99', '699,99']",Black Friday
www.fnac.pt,20191129,Computador Portátil HP 15-da1045np,"['549,99', '749,99']",Black Friday
www.fnac.pt,20191129,Computador Portátil HP 15-da1050np,"['499,99', '649,99']",Black Friday
www.fnac.pt,20191129,Computador Portátil Asus F509FB-58CM1CB1,"['499,99', '649,99']",Black Friday
www.fnac.pt,20191129,Computador Portátil Microsoft Surface Laptop 3 13.5'' - Platina - Core i5 | 128GB | 8GB,"['935', '1169']",Black Friday
www.fnac.pt,20191129,Computador Portátil Lenovo Ideapad C340-14API-301,"['399,99', '499,99']",Black Friday
www.fnac.pt,20191129,Desktop HP Pavilion TP01-0019np,"['449,99', '599,99']",Black Friday
www.fnac.pt,20191129,Computador Portátil Acer Aspire 5 A514-52-59BU - Prateado,"['549,99', '749,99']",Black Friday
www.fnac.pt,20191129,Computador Portátil Microsoft Surface Pro 7 - Preto - Core i5 | 256GB | 8GB,"['1049', '1399']",Black Friday
www.fnac.pt,20191129,Computador Portátil Microsoft Surface Laptop 3 13.5'' - Preto - Core i5 | 256GB | 8GB,"['1199', '1499']",Black Friday
www.fnac.pt,20191129,Computador Portátil HP Pavilion x360 14-dh0012np,"['749,99']",Black Friday
www.fnac.pt,20191129,Computador Portátil Asus Laptop X571GT-79A15PB1,"['1199,99']",Black Friday
www.fnac.pt,20191129,"Apple MacBook Pro 15'' Retina i9-2,3GHz | 16GB | 512GB | Radeon Pro 560X com Touch Bar e Touch ID - Prateado",['3299'],Black Friday
www.fnac.pt,20191129,Computador Portátil Lenovo ideapad D330-10IGM | Celeron N4000 | 4GB,"['329,99']",Black Friday
www.fnac.pt,20191129,Computador Portátil HP Pavilion x360 14-dh0004np,"['449,99', '599,99']",Black Friday
www.fnac.pt,20191129,Pack Fnac Lenovo Ideapad S130-14IGM + Mochila + Rato + Office 365 - 1 ano,"['309,66']",Black Friday
www.fnac.pt,20191129,Computador Portátil Microsoft Surface Pro 7 - Platina - Core i5 | 256GB | 8GB,"['1049', '1399']",Black Friday
www.fnac.pt,20191129,"Apple MacBook Pro 13'' Retina i7-2,8GHz | 8GB | 256GB | Intel Iris Plus Graphics 655 com Touch Bar e Touch ID - Cinzento Sideral",['2459'],Black Friday
www.fnac.pt,20191129,Computador Portátil Lenovo Ideapad S145-15AST,"['338,38']",Black Friday
www.fnac.pt,20191129,Microsoft Surface Go - Pentium Gold 4415Y | 128GB | 8GB,"['666,76']",Black Friday
www.fnac.pt,20191129,Computador Portátil Microsoft Surface Pro 6 - Platina - Core i5 | 128GB | 8GB,"['969,99', '1069,99']",Black Friday
www.fnac.pt,20191129,Computador Portátil Innjoo A100 Pro | Intel Atom® x5-Z8350 | 64GB,"['199,99']",Black Friday
www.fnac.pt,20191129,"Apple MacBook Air 13'' Retina | i5-1,6GHz | 16GB | 256GB - Prateado",['1769'],Black Friday
www.fnac.pt,20191129,"Apple MacBook Pro 15'' Retina i9-2,4GHz | 16GB | 256GB | Radeon Pro 555X com Touch Bar e Touch ID - Cinzento Sideral",['3159'],Black Friday
www.fnac.pt,20191129,Computador Portátil HP 13-aq0002np,"['1199,99']",Black Friday
www.fnac.pt,20191129,Computador Portátil Lenovo Ideapad S130-14IGM | Intel Celeron N4000 | 128GB SSD,"['399,99']",Black Friday
www.fnac.pt,20191129,"Apple MacBook Pro 13'' Retina i5-2,4GHz | 16GB | 256GB | Intel Iris Plus Graphics 655 com Touch Bar e Touch ID - Prateado",['2339'],Black Friday
www.fnac.pt,20191129,Computador Portátil Asus VivoBook X512FB-58AM1SB1,"['699,99']",Black Friday
www.fnac.pt,20191129,Computador Portátil Gaming OMEN by HP 15-dc0057np,"['1299,99']",Black Friday
www.fnac.pt,20191129,Computador Portátil Microsoft Surface Pro X 13'' - Preto - SQ1 | 256GB | 8GB | 4G,['1499'],Black Friday
www.fnac.pt,20191129,Computador Portátil Microsoft Surface Pro X 13'' - Preto - SQ1 | 128GB | 8GB | 4G,['1169'],Black Friday
www.fnac.pt,20191129,Computador Portátil Microsoft Surface Pro X 13'' - Preto - SQ1 | 256GB | 16GB | 4G,['1699'],Black Friday
www.fnac.pt,20191129,Computador Portátil Asus F509UB-37AM1SB1,"['499,99']",Black Friday
www.fnac.pt,20191129,Computador Portátil Gaming Acer Nitro 5 AN515-43-R58R - Preto,"['639,99', '799,99']",Black Friday
www.fnac.pt,20191129,Computador Portátil Insys WH8-N1560,"['349,99']",Black Friday
www.fnac.pt,20191129,Computador Portátil Acer Swift 3 SF314-57-54A4,"['799,99']",Black Friday
www.fnac.pt,20191129,"Apple MacBook Pro 15'' Retina i9-2,3GHz | 32GB | 512GB | Radeon Pro Vega 20 com Touch Bar e Touch ID - Cinzento Sideral",['4199'],Black Friday
www.fnac.pt,20191129,Computador Portátil Gaming Asus ROG Mothership GZ700GX-99D28CP1,"['6399,99']",Black Friday
www.fnac.pt,20191129,"Apple MacBook Pro 15'' Retina i9-2,3GHz | 32GB | 1TB | Radeon Pro Vega 16 com Touch Bar e Touch ID - Prateado","['4321,40']",Black Friday
www.fnac.pt,20191129,"Apple MacBook Pro 15'' Retina i9-2,3GHz | 16GB | 512GB | Radeon Pro 560X com Touch Bar e Touch ID - Cinzento Sideral","['2559,99']",Black Friday
www.fnac.pt,20191129,Computador Portátil HP Pavilion 15-cs0007np,"['1149,99']",Black Friday
www.fnac.pt,20191129,Computador Portátil Gaming Lenovo Legion Y540-15IRH-PG0- 901,"['1049,99', '1399,99']",Black Friday
www.fnac.pt,20191129,Computador Portátil Acer Swift 5 SF515-51T-728Y | Core i7-8565U | 256GB,"['1099,99']",Black Friday
www.fnac.pt,20191129,Computador Portátil HP 15-da0011np,"['799,99']",Black Friday
www.fnac.pt,20191129,Computador Portátil Gaming Acer Nitro 5 AN515-54-76JN,"['1099,99']",Black Friday
www.fnac.pt,20191129,Computador Portátil Gaming OMEN by HP 15-dc0056np,"['1299,99']",Black Friday
www.fnac.pt,20191129,Computador Portátil Lenovo Yoga S730-13IWL | i7-8565U | 1TB SSD,"['1799,99']",Black Friday
www.fnac.pt,20191129,"Apple MacBook Pro 13'' Retina i5-2,4GHz | 16GB | 256GB | Intel Iris Plus Graphics 655 com Touch Bar e Touch ID - Cinzento Sideral",['2339'],Black Friday
www.fnac.pt,20191129,Computador Portátil Acer Swift 1 SF114-32-C74S,"['349,99']",Black Friday
www.fnac.pt,20191129,Computador Portátil Insys CD9-G148,"['349,99']",Black Friday
www.fnac.pt,20191129,HP Stream 11-r000np (Azul Cobalto),"['299,99']",Black Friday
www.fnac.pt,20191129,HP Stream 11-d001np (Azul Céu),"['289,99']",Black Friday
www.fnac.pt,20191129,Computador Portátil Lenovo Yoga 330-11IGM-987 | Celeron N4000 | 4GB + Office 365 Pessoal - 1 Ano,"['421,07']",Black Friday
www.fnac.pt,20191129,Computador Portátil Lenovo Ideapad S130-14IGM | N4000 | 4GB + Office 365 Pessoal - 1 Ano,"['289,99']",Black Friday
www.fnac.pt,20191129,Microsoft Surface Go - Pentium Gold 4415Y | 64GB | 4GB,['459'],Black Friday
www.fnac.pt,20191129,Computador Portátil Microsoft Surface Go - Pentium Gold 4415Y | 128GB | 8GB | 4G LTE,['749'],Black Friday
www.fnac.pt,20191129,Computador Portátil Lenovo YOGA Book C930,"['1432,78']",Black Friday
www.fnac.pt,20191129,Portátil HP x2 10-p001np,"['299,99']",Black Friday
www.fnac.pt,20191129,HP x2 10-p000np,"['299,99']",Black Friday
www.fnac.pt,20191129,"Portátil Híbrido Lenovo D330 N5000 4GB 10.1"" Cinzento","['420,70']",Black Friday
www.fnac.pt,20191129,"Portátil Híbrido ASUS T103HAF Mini x5-Z8350 4GB 10.1"" Cinzento","['436,89']",Black Friday
www.fnac.pt,20191129,"Portátil ASUS E203MA-FD048TS N4000 64GB 11.6"" Preto","['296,95']",Black Friday
www.fnac.pt,20191129,Computador Portátil Gaming MSI GP75 Leopard 9SE-1091PT,"['1899,99']",Black Friday
www.fnac.pt,20191129,Computador Portátil Gaming OMEN by HP 17-an100np,"['1399,99']",Black Friday
www.fnac.pt,20191129,Computador Portátil Gaming HP Pavilion 17-cd0001np,"['1399,99']",Black Friday
www.fnac.pt,20191129,Computador Portátil LG Gram 17Z990-V.AP77P,"['1599,99', '1999,99']",Black Friday
www.fnac.pt,20191129,Computador Portátil Lenovo Legion Y740-17ICHg | i7-8750H | 32GB | NVIDIA GeForce RTX 2070,"['2249,99']",Black Friday
www.fnac.pt,20191129,Portátil Gaming Asus ROG G703GS-78D07CB1,"['2863,07']",Black Friday
www.fnac.pt,20191129,Computador Portátil Gaming  Asus ROG G703GS-78D07CB2,"['1999,90']",Black Friday
www.fnac.pt,20191129,Computador Portátil HP Envy 17-bw0001np,"['1499,99']",Black Friday
www.fnac.pt,20191129,Portátil Gaming Asus ROG GL703VD-77A05,"['1699,99']",Black Friday
www.fnac.pt,20191129,Computador Portátil HP 15-da1014np,"['549,99']",Black Friday
www.fnac.pt,20191129,Tablet Huawei MediaPad T3 10 - 16GB Wi-Fi - Space Gray,"['144,99', '199,99']",Black Friday
www.fnac.pt,20191129,Tablet Samsung T290 Galaxy Tab A 2019 8.0'' Wi-Fi - 32GB - Preto,"['129,99', '169,99']",Black Friday
www.fnac.pt,20191129,Tablet Alcatel 1T 7.0'' - 8GB - Wi-Fi - Premium Black,"['44,99', '69,99']",Black Friday
www.fnac.pt,20191129,"Tablet Lenovo Tab E7 TB-7104F 7"" - 16GB - Wi-Fi","['99,99']",Black Friday
www.fnac.pt,20191129,Tablet Samsung T290 Galaxy Tab A 2019 8.0'' Wi-Fi - 32GB - Cinzento,"['129,99', '169,99']",Black Friday
www.fnac.pt,20191129,Tablet Samsung Galaxy Tab S6 10.5'' - T860 - Wi-Fi - 256GB - Mountain Gray,"['669,99']",Black Friday
www.fnac.pt,20191129,Tablet Innjoo Time2 10.1'' - 16GB - 3G - Preto,"['64,99', '89,99']",Black Friday
www.fnac.pt,20191129,Tablet Huawei MediaPad T5 10.1'' - 64GB - Preto,"['199,99', '279,99']",Black Friday
www.fnac.pt,20191129,Tablet Huawei MediaPad M5 Lite 10.1'' - 64GB,"['319,99']",Black Friday
www.fnac.pt,20191129,Tablet Samsung T510 Galaxy Tab A 10.1'' Wi-Fi - 32GB - Preto,"['159,99', '219,99']",Black Friday
www.fnac.pt,20191129,Tablet Huawei MediaPad T5 10.1'' - 32GB,"['169,99', '249,99']",Black Friday
www.fnac.pt,20191129,Novo iPad Apple 10.2'' Wi-Fi + Cellular - 128GB - Cinzento Sideral 2019,['639'],Black Friday
www.fnac.pt,20191129,Tablet Samsung T590 Galaxy Tab A 10.5 Wi-Fi - 32GB - Preto,"['219,99', '299,99']",Black Friday
www.fnac.pt,20191129,Tablet Samsung Galaxy Tab S6 10.5'' - T860 - Wi-Fi - 128GB - Rose Blush,"['649,99', '749,99']",Black Friday
www.fnac.pt,20191129,Tablet Samsung T510 Galaxy Tab A 10.1'' Wi-Fi - 32GB - Prateado,"['159,99', '219,99']",Black Friday
www.fnac.pt,20191129,Tablet Samsung T590 Galaxy Tab A 10.5 Wi-Fi - 32GB - Cinzento,"['219,99', '299,99']",Black Friday
www.fnac.pt,20191129,Tablet Samsung Galaxy Tab S5e 10.5'' - T720 - Wi-Fi - 64GB - Preto,"['364,94']",Black Friday
www.fnac.pt,20191129,Tablet Samsung Galaxy Tab S5e 10.5'' - T720 - Wi-Fi - 128GB - Prateado,"['449,99']",Black Friday
www.fnac.pt,20191129,Tablet Innjoo F702 7'' - 16GB - Preto,"['59,99']",Black Friday
www.fnac.pt,20191129,Tablet Innjoo SuperB 10.1 3G - 32GB - Preto,"['119,99']",Black Friday
www.fnac.pt,20191129,Pokémon Sword - Nintendo Switch - Jogo,"['47,99', '59,99']",Black Friday
www.fnac.pt,20191129,Pokémon Shield - Nintendo Switch - Jogo,"['47,99', '59,99']",Black Friday
www.fnac.pt,20191129,FIFA 20 - PS4 - Jogo,"['49,99', '69,99']",Black Friday
www.fnac.pt,20191129,Consola Nintendo Switch Neon,"['366,12']",Black Friday
www.fnac.pt,20191129,Call Of Duty Modern Warfare Remastered - PS4 - Jogo,"['49,99', '69,99']",Black Friday
www.fnac.pt,20191129,Consola Sony PS4 Pro 1TB + Death Stranding Edição Especial,"['499,99']",Black Friday
www.fnac.pt,20191129,The Legend of Zelda: Breath of the Wild Nintendo Switch - Jogo,"['55,99', '69,99']",Black Friday
www.fnac.pt,20191129,Consola Nintendo Switch Lite - 32GB - Amarelo,"['219,99']",Black Friday
www.fnac.pt,20191129,Consola Nintendo Switch Cinzento,"['366,82']",Black Friday
www.fnac.pt,20191129,Star Wars Jedi: Fallen Order - Deluxe Edition - PS4 - Jogo,"['91,64']",Black Friday
www.fnac.pt,20191129,Star Wars Jedi: Fallen Order - PS4 - Jogo,"['71,99']",Black Friday
www.fnac.pt,20191129,Death Stranding Special Edition - PS4 - Jogo,"['79,99']",Black Friday
www.fnac.pt,20191129,Death Stranding Collector's Edition - PS4 - Jogo,"['199,99']",Black Friday
www.fnac.pt,20191129,Need For Speed: Heat - PS4 - Jogo,"['50,99', '69,99']",Black Friday
www.fnac.pt,20191129,Just Dance 2020 - PS4 - Jogo,"['39,99', '49,99']",Black Friday
www.fnac.pt,20191129,Medievil Remastered - PS4 - Jogo,"['29,99']",Black Friday
www.fnac.pt,20191129,Plants vs Zombies Battle for Neighborville - PS4 - Jogo,"['30,99', '39,99']",Black Friday
www.fnac.pt,20191129,GRID - PS4 - Jogo,"['49,99', '69,99']",Black Friday
www.fnac.pt,20191129,Zumba: Burn It Up - Nintendo Switch - Jogo,"['31,99', '39,99']",Black Friday
www.fnac.pt,20191129,Pokémon Sword & Shield Dual Pack - Nintendo Switch - Jogo,"['95,99', '119,99']",Black Friday
www.fnac.pt,20191129,Mario & Sonic at the Olympic Games Tokyo 2020 - Nintendo Switch - Jogo,"['47,99', '59,99']",Black Friday
www.fnac.pt,20191129,Just Dance 2020 - Nintendo Switch - Jogo,"['31,99', '39,99']",Black Friday
www.fnac.pt,20191129,WRC 8 - Nintendo Switch - Jogo,"['47,99', '59,99']",Black Friday
www.fnac.pt,20191129,Ring Fit Adventure - Nintendo Switch - Jogo,"['63,99', '79,99']",Black Friday
www.fnac.pt,20191129,The Witcher 3: Wild Hunt - Complete Edition - Nintendo Switch - Jogo,"['40,79', '50,99']",Black Friday
www.fnac.pt,20191129,Dragon Quest XI: Echoes of an Elusive Age - Nintendo Switch - Jogo,"['47,99', '59,99']",Black Friday
www.fnac.pt,20191129,Star Wars Jedi: Fallen Order - Xbox One - Jogo,"['71,99']",Black Friday
www.fnac.pt,20191129,Need For Speed: Heat - Xbox One - Jogo,"['50,99', '69,99']",Black Friday
www.fnac.pt,20191129,Just Dance 2020 - Xbox One - Jogo,"['39,99', '49,99']",Black Friday
www.fnac.pt,20191129,Plants vs Zombies Battle for Neighborville - Xbox One - Jogo,"['30,99', '39,99']",Black Friday
www.fnac.pt,20191129,GRID - Xbox One - Jogo,"['49,99', '69,99']",Black Friday
www.fnac.pt,20191129,Indivisible - Xbox One - Jogo,"['39,99']",Black Friday
www.fnac.pt,20191129,GRID - Ultimate Edition - Xbox One - Jogo,"['89,99']",Black Friday
www.fnac.pt,20191129,Tom Clancy’s Ghost Recon Breakpoint - Xbox One - Jogo,"['34,99', '69,99']",Black Friday
www.fnac.pt,20191129,Tom Clancy’s Ghost Recon Breakpoint - Ultimate Edition - Xbox One - Jogo,"['59,99', '119,99']",Black Friday
www.fnac.pt,20191129,Tom Clancy’s Ghost Recon: Breakpoint - Gold Edition - Xbox One - Jogo,"['49,99', '99,99']",Black Friday
www.fnac.pt,20191129,The Last of Us 2 Standard - Capa Reversível - PS4 - Jogo,"['59,49', '69,99']",Black Friday
www.fnac.pt,20191129,The Last of Us 2 Edição Colecionador - PS4 - Jogo,"['179,99']",Black Friday
www.fnac.pt,20191129,The Last of Us 2 Edição Especial - PS4 - Jogo,"['89,99']",Black Friday
www.fnac.pt,20191129,Doom Eternal - Collector's Edition - PS4 - Jogo,"['191,24', '224,99']",Black Friday
www.fnac.pt,20191129,Doom Eternal - Deluxe Edition - PS4 - Jogo,"['84,99', '99,99']",Black Friday
www.fnac.pt,20191129,Marvel's Avengers - PS4 - Jogo,"['59,49', '69,99']",Black Friday
www.fnac.pt,20191129,Cyberpunk 2077 - Collector's Edition - PS4 - Jogo,"['195,49', '229,99']",Black Friday
www.fnac.pt,20191129,Watch Dogs: Legion - Resistance Edition - PS4 - Jogo,"['59,49', '69,99']",Black Friday
www.fnac.pt,20191129,Elden Ring - PS4 - Jogo,"['59,49', '69,99']",Black Friday
www.fnac.pt,20191129,Watch Dogs: Legion - PS4 - Jogo,"['59,49', '69,99']",Black Friday
www.fnac.pt,20191129,Assassin’s Creed: The Rebel Collection - Nintendo Switch - Jogo,"['42,49', '49,99']",Black Friday
www.fnac.pt,20191129,Animal Crossing - Nintendo Switch - Jogo,"['50,99', '59,99']",Black Friday
www.fnac.pt,20191129,Gods & Monsters - Nintendo Switch - Jogo,"['59,49', '69,99']",Black Friday
www.fnac.pt,20191129,Bayonetta 3 - Nintendo Switch - Jogo,"['59,49', '69,99']",Black Friday
www.fnac.pt,20191129,Doom Eternal - Xbox One - Jogo,"['59,49', '69,99']",Black Friday
www.fnac.pt,20191129,Elden Ring - Xbox One - Jogo,"['59,49', '69,99']",Black Friday
www.fnac.pt,20191129,Marvel's Avengers - Xbox One - Jogo,"['59,49', '69,99']",Black Friday
www.fnac.pt,20191129,Cyberpunk 2077 - Collector's Edition - Xbox One - Jogo,"['195,49', '229,99']",Black Friday
www.fnac.pt,20191129,Watch Dogs: Legion - Resistance Edition - Xbox One - Jogo,"['59,49', '69,99']",Black Friday
www.fnac.pt,20191129,Watch Dogs: Legion - Xbox One - Jogo,"['59,49', '69,99']",Black Friday
www.fnac.pt,20191129,Watch Dogs: Legion - Gold Edition - Xbox One - Jogo,"['84,99', '99,99']",Black Friday
www.fnac.pt,20191129,Watch Dogs: Legion - Ultimate Edition - Xbox One - Jogo,"['101,99', '119,99']",Black Friday
www.fnac.pt,20191129,Gods & Monsters - Xbox One - Jogo,"['59,49', '69,99']",Black Friday
www.fnac.pt,20191129,Halo Infinite - Xbox One - Jogo,"['59,50', '70']",Black Friday
www.fnac.pt,20191129,Red Dead Redemption 2 PS4 - Jogo,"['29,99', '64,99']",Black Friday
www.fnac.pt,20191129,Crash Team Racing Nitro-Fueled - PS4 - Jogo,"['49,99']",Black Friday
www.fnac.pt,20191129,Call Of Duty: Modern Warfare Steelbook - PS4 - Jogo,['5'],Black Friday
www.fnac.pt,20191129,Marvel Spider-Man PS4 - Jogo,"['19,99', '39,99']",Black Friday
www.fnac.pt,20191129,Saber é Poder Playlink PS4 - Jogo,"['22,99']",Black Friday
www.fnac.pt,20191129,Knack 2 PS4 - Jogo,"['9,99', '37']",Black Friday
www.fnac.pt,20191129,God of War - Playstation Hits - PS4 - Jogo,"['24,99']",Black Friday
www.fnac.pt,20191129,Comando Sony Dualshock 4 Steel Black PS4,"['64,90']",Black Friday
www.fnac.pt,20191129,Comando Sony DualShock 4 V2 Black + Fortnite,"['51,60']",Black Friday
www.fnac.pt,20191129,Auscultadores Gaming Razer Kraken X Multi-Plataformas,"['49,99', '59,99']",Black Friday
www.fnac.pt,20191129,Comando Dualshock 4 Sunset Orange - PS4,"['120,99', '143,98']",Black Friday
www.fnac.pt,20191129,Comando Sony Dualshock 4 - Rose Gold,"['50,84']",Black Friday
www.fnac.pt,20191129,Sony Comando DualShock 4 V2 Glacier White PS4,"['56,82']",Black Friday
www.fnac.pt,20191129,Sony Comando DualShock 4 V2 Magma Red PS4,"['51,60']",Black Friday
www.fnac.pt,20191129,Sony PS4 Dualshock 4 Crystal,"['69,99']",Black Friday
www.fnac.pt,20191129,Sony Comando DualShock 4 V2 Gold PS4,"['66,84']",Black Friday
www.fnac.pt,20191129,Sony Comando Dualshock 4 Red Camouflage PS4,"['51,60']",Black Friday
www.fnac.pt,20191129,Consola Sony PS4 Slim 1TB + Horizon Zero Dawn + God Of War + The Last Of Us,"['249', '349,99']",Black Friday
www.fnac.pt,20191129,Consola Sony PS4 Pro 1TB + Fifa 20,"['429,99']",Black Friday
www.fnac.pt,20191129,Consola Sony PS4 Slim - 500GB + Voucher Fortnite,['229'],Black Friday
www.fnac.pt,20191129,Consola Sony PS4 Pro - 1TB + Voucher Fortnite,['338'],Black Friday
www.fnac.pt,20191129,Consola Nintendo Switch Lite - 32GB - Turquesa,"['198,99']",Black Friday
www.fnac.pt,20191129,Consola Sony PS4 Slim 1TB + Death Stranding,"['249', '349,99']",Black Friday
www.elcorteingles.pt,20191129,Cuidados Ecológicos · Vida Sustentável · El Corte Inglés,"['17,24', '22,99']",Black Friday
www.elcorteingles.pt,20191129,Jogos PlayStation 4 PlayStation · Gaming · El Corte Inglés,"['49,99', '69,99']",Black Friday
www.elcorteingles.pt,20191129,Consolas XBOX Xbox · Gaming · El Corte Inglés,"['199', '299,99']",Black Friday
www.elcorteingles.pt,20191129,XBOX Live Cartões Digitais · Gaming · El Corte Inglés,['10'],Black Friday
www.elcorteingles.pt,20191129,Yves Saint Laurent · Perfumaria e Cosmética · El Corte Inglés,"['81,60', '108,80']",Black Friday
www.elcorteingles.pt,20191129,Jogos XBOX One Xbox · Gaming · El Corte Inglés,"['69,99']",Black Friday
www.elcorteingles.pt,20191129,Jogos XBOX One Xbox · Gaming · El Corte Inglés · Página 2,"['29,99', '44,99']",Black Friday
www.elcorteingles.pt,20191129,Gaming · El Corte Inglés,"['9,99', '39,99']",Black Friday
www.radiopopular.pt,20181123,Radio Popular,"['666,99', '719,99']",Black Friday
www.radiopopular.pt,20191129,Radio Popular,"['846,75', '1129,00']",Black Friday
www.radiopopular.pt,20201127,Radio Popular,"['22,00', '99,00']",Black Friday
www.worten.pt,20181123,Recondicionado - Smartphone iPhone 6 16GB Cinzento sideral,"['179,99']",Black Friday
www.worten.pt,20181123,Recondicionado - Smartphone iPhone 8 64GB Dourado,"['579,99']",Black Friday
www.worten.pt,20181123,Recondicionado - Smartphone iPhone 6 64GB Prateado,"['259,99']",Black Friday
www.worten.pt,20181123,Recondicionado - Smartphone iPhone 6 64GB Cinzento sideral,"['259,99']",Black Friday
www.worten.pt,20181123,Recondicionado - Smartphone iPhone 7 128GB Prateado,"['449,99']",Black Friday
www.worten.pt,20181123,Recondicionado - Smartphone iPhone SE 16GB Rosa Dourado,"['199,99']",Black Friday
www.worten.pt,20181123,Recondicionado - Smartphone iPhone 6 64GB Dourado,"['259,99']",Black Friday
www.worten.pt,20181123,Recondicionado - Smartphone iPhone 7 32GB Preto,"['379,99']",Black Friday
www.worten.pt,20181123,Recondicionado - Smartphone iPhone 6s 32GB Cinzento sideral,"['289,99']",Black Friday
www.worten.pt,20181123,Recondicionado - Smartphone iPhone 6s 16GB Rosa Dourado,"['249,99']",Black Friday
www.worten.pt,20181123,Recondicionado - Smartphone iPhone SE 16GB Prateado,"['199,99']",Black Friday
www.worten.pt,20181123,Recondicionado - Smartphone Samsung Galaxy S7 Edge 32GB Rosa,"['379,99']",Black Friday
www.worten.pt,20181123,Recondicionado - Smartphone iPhone 6s 16GB Cinzento Sideral,"['249,99']",Black Friday
www.worten.pt,20181123,Recondicionado - Smartphone Samsung Galaxy S7 Edge 32GB Dourado,"['379,99']",Black Friday
www.worten.pt,20181123,Recondicionado - Smartphone iPhone SE 16GB Dourado,"['199,99']",Black Friday
www.worten.pt,20181123,Recondicionado - Coluna Hi-Fi NAIM Muso QB,"['499,99']",Black Friday
www.worten.pt,20181123,Recondicionado - Smartphone iPhone 6s 16GB Prateado,"['249,99']",Black Friday
www.worten.pt,20181123,Recondicionado - Smartphone iPhone 6s 64GB Dourado,"['319,99']",Black Friday
www.worten.pt,20181123,Recondicionado - Smartphone Samsung Galaxy S7 32GB Prateado,"['299,99']",Black Friday
www.worten.pt,20181123,Recondicionado - Smartphone iPhone 7 128GB Preto,"['449,99']",Black Friday
www.worten.pt,20181123,Recondicionado - Smartphone Samsung Galaxy S8 64GB Dourado,"['449,99']",Black Friday
www.worten.pt,20181123,Recondicionado - Smartphone Samsung Galaxy S8 64GB Preto,"['449,99']",Black Friday
www.worten.pt,20181123,Recondicionado - Smartphone Samsung Galaxy S7 32GB Preto,"['299,99']",Black Friday
www.worten.pt,20181123,Recondicionado - Smartphone iPhone 7 Plus 128GB Preto,"['559,99']",Black Friday
www.worten.pt,20181123,iPad 9.7'' APPLE Wi-Fi 32 GB Cinzento Sideral,"['312,70']",Black Friday
www.worten.pt,20181123,Cartão Memória MicroSDHC SANDISK 64GB Ultra A1 100MB/s,"['12,99']",Black Friday
www.worten.pt,20181123,Disco Externo HDD 2.5'' TOSHIBA USB 3.0 Canvio Basic 2 TB,"['64,00']",Black Friday
www.worten.pt,20181123,"Disco Externo 2,5'' SEAGATE Expansion Portable 4TB","['89,00']",Black Friday
www.worten.pt,20181123,Monitor LED 24'' HP 24O 1ms,"['89,00']",Black Friday
www.worten.pt,20181123,iPad 9.7'' APPLE Wi-Fi 32 GB Prateado,"['297,00']",Black Friday
www.worten.pt,20181123,Tablet 10.1'' SAMSUNG TAB A 32 GB Cinzento,"['176,00']",Black Friday
www.worten.pt,20181123,iPad 9.7'' APPLE Wi-Fi 32 GB Dourado,"['315,65']",Black Friday
www.worten.pt,20181123,Tablet 7'' ALCATEL 1T 8GB,"['44,00']",Black Friday
www.worten.pt,20181123,Disco Externo HDD 2.5'' TOSHIBA USB 3.0 Canvio Basic 1 TB,"['49,00']",Black Friday
www.worten.pt,20181123,Pack Portátil HP 14'' 14-CB055NP,"['299,99']",Black Friday
www.worten.pt,20181123,Monitor Gaming LED 24'' AOC C24G1,"['300,00']",Black Friday
www.worten.pt,20181123,Monitor LED IPS 24'' HP 24F,"['119,99']",Black Friday
www.worten.pt,20181123,Portátil 14'' LENOVO Yoga 530-14IKB,"['799,99']",Black Friday
www.worten.pt,20181123,Cartão Memória MicroSDHC SANDISK 128GB Ultra A1 100MB/s,"['19,99']",Black Friday
www.worten.pt,20181123,Impressora Foto HP Sprocket,"['74,99']",Black Friday
www.worten.pt,20181123,Pen USB PNY 128GB ATTACHE4 2.0,"['18,99']",Black Friday
www.worten.pt,20181123,Tablet 10.8'' HUAWEI M5 32GB Wi-Fi Cinzento,"['299,99']",Black Friday
www.worten.pt,20181123,Rato Gaming RAZER Deathadder Elite,"['86,32']",Black Friday
www.worten.pt,20181123,Disco Externo WD 2.5'' ELEMENTS 1TB USB 3.0,"['69,99']",Black Friday
www.worten.pt,20181123,Pen USB PNY 64GB Attaché4,"['9,99']",Black Friday
www.worten.pt,20181123,Disco Externo SEAGATE Backup Plus HUB 6TB,"['119,99']",Black Friday
www.worten.pt,20181123,Portátil 15.6'' LENOVO IdeaPad 330-15IKB-182,"['499,99']",Black Friday
www.worten.pt,20181123,Portátil Gaming 15.6'' LENOVO Legion Y530-15ICH-196,"['999,00']",Black Friday
www.worten.pt,20181123,Consola XBOX ONE S 1TB + Fortnite | Worten.pt,"['149,00']",Black Friday
www.worten.pt,20181123,Cadeira Gaming SPARCO Stint em Preto e Vermelho,"['354,99']",Black Friday
www.worten.pt,20191129,iPad APPLE 2019 Cinzento Sideral (10.2'' - 32 GB - Chip A10 Fusion),"['346,00']",Black Friday
www.worten.pt,20191129,iPad APPLE Cinzento Sideral - MR7F2TY/A (9.7'' - 32 GB - Chip A10 Fusion),"['417,83']",Black Friday
www.worten.pt,20191129,iPad Air APPLE 2019 Cinzento Sideral (10.5'' - 64 GB - Chip A12 Bionic),"['604,99']",Black Friday
www.worten.pt,20191129,iPad APPLE 2019 Dourado (10.2'' - 32 GB - Chip A10 Fusion),"['399,99']",Black Friday
www.worten.pt,20191129,iPad Air APPLE 2019 Cinzento Sideral - MUUQ2TY/A (10.5'' - 256 GB - Chip A12 Bionic),"['682,49']",Black Friday
www.worten.pt,20191129,iPad Pro APPLE 2018 Cinzento Sideral - MTXN2TY/A (11'' - 64 GB - Chip A12X Bionic),"['909,99']",Black Friday
www.worten.pt,20191129,iPad APPLE 2019 Cinzento Sideral (10.2'' - 128 GB - Chip A10 Fusion),"['511,99']",Black Friday
www.worten.pt,20191129,iPad Air APPLE 2019 Prateado - MUUR2TY/A (10.5'' - 256 GB - Chip A12 Bionic),"['734,29']",Black Friday
www.worten.pt,20191129,iPad Air APPLE 2019 Prateado - MUUK2TY/A (10.5'' - 64 GB - Chip A12 Bionic),"['609,99']",Black Friday
www.worten.pt,20191129,iPad Air APPLE 2019 Cinzento Sideral - MV0N2TY/A (10.5'' - 256 GB - Chip A12 Bionic - Wi-Fi + Cellular),"['889,99']",Black Friday
www.worten.pt,20191129,iPad mini APPLE 2019 Cinzento Sideral - MUX52TY/A (7.9'' - 64 GB - Chip A12 Bionic - Wi-Fi + Cellular),"['561,19']",Black Friday
www.worten.pt,20191129,iPad Pro APPLE 2018 Prateado - MTXP2TY/A (11'' - 64 GB - Chip A12X Bionic),"['909,99']",Black Friday
www.worten.pt,20191129,iPad APPLE 2019 Prateado (10.2'' - 32 GB - Chip A10 Fusion),"['399,99']",Black Friday
www.worten.pt,20191129,iPad mini APPLE 2019 Cinzento Sideral - MUXC2TY/A (7.9'' - 256 GB - Chip A12 Bionic - Wi-Fi + Cellular),"['779,99']",Black Friday
www.worten.pt,20191129,iPad Pro APPLE 2018 Cinzento Sideral - MTFL2TY/A (12.9'' - 256 GB - Chip A12X Bionic),"['1299,00']",Black Friday
www.worten.pt,20191129,iPad Pro APPLE 2018 Cinzento Sideral - MTEL2TY/A (12.9'' - 64 GB - Chip A12X Bionic - Wi-Fi + Cellular),"['1182,67']",Black Friday
www.worten.pt,20191129,iPad APPLE Cinzento Sideral - MR7J2TY/A (9.7'' - 128 GB - Chip A10 Fusion),"['462,81']",Black Friday
www.worten.pt,20191129,iPad Pro APPLE Rosa Dourado - MPGL2TY/A (10.5'' - 512 GB - Chip A10X Fusion),"['975,99']",Black Friday
www.worten.pt,20191129,iPad Air APPLE 2019 Cinzento Sideral - MV0D2TY/A (10.5'' - 64 GB - Chip A12 Bionic - Wi-Fi + Cellular),"['719,99']",Black Friday
www.worten.pt,20191129,iPad Air APPLE 2019 Dourado - MUUT2TY/A (10.5'' - 256 GB - Chip A12 Bionic),"['682,49']",Black Friday
www.worten.pt,20191129,iPad mini APPLE 2019 Prateado - MUQX2TY/A (7.9'' - 64 GB - Chip A12 Bionic),"['501,43']",Black Friday
www.worten.pt,20191129,iPad mini APPLE 2019 Dourado - MUQY2TY/A (7.9'' - 64 GB - Chip A12 Bionic),"['506,02']",Black Friday
www.worten.pt,20191129,iPad mini APPLE 2019 Cinzento Sideral - MUQW2TY/A (7.9'' - 64 GB - Chip A12 Bionic),"['469,99']",Black Friday
www.worten.pt,20191129,APPLE iPad (9.7'' - 32 GB - Prateado),"['450,89']",Black Friday
www.worten.pt,20201127,Máquina de Café KRUPS Nespresso Essenza XN1101P2 (19 bar - Branco),"['29,99']",Black Friday
www.worten.pt,20201127,Máquina de Café KRUPS Nespresso Essenza XN1108P2 (19 bar - Preto),"['22,00']",Black Friday
www.worten.pt,20201127,Máquina de Café KRUPS Nespresso Essenza Mini XN110B (19 bar - Cinzento),"['59,99']",Black Friday
www.worten.pt,20201127,Máquina de Café NESPRESSO Delonghi Inissia EN80.B (19 bar - Preto),"['59,99']",Black Friday
www.worten.pt,20201127,Máquina de Café de Cápsulas NESPRESSO DeLonghi Latissima One EN500.B (19 bar - Preto),"['169,99']",Black Friday
www.worten.pt,20201127,Máquina de Café DELTA Q Quick Branca (19 bar),"['39,99']",Black Friday
www.worten.pt,20201127,Máquina de Café DELTA Q Quick Vermelho (19 bar),"['39,99']",Black Friday
www.worten.pt,20201127,Máquina de Café NESPRESSO Delonghi Lattissima One EN500.W (19 bar - Branco),"['169,99']",Black Friday
www.worten.pt,20201127,Máquina de Café KRUPS Nespresso Inissia XN1005P04 (19 bar - Vermelho),"['59,99']",Black Friday
www.worten.pt,20201127,Máquina de Café DELONGHI Nespresso EN124S Pixie (19 bar - Inox),"['69,99']",Black Friday
www.worten.pt,20201127,Máquina de Café DOLCE GUSTO Krups KP123BP12 Mini Me + 60 Cápsulas (15 bar - Cinzento),"['54,99']",Black Friday
www.worten.pt,20201127,Máquina de Café KRUPS Dolce Gusto KP1A08P12 Piccolo XS (15 bar - Preto),"['39,99']",Black Friday
www.worten.pt,20201127,Máquina de Café KRUPS Nespresso Essenza Mini XN1118P2 & Aeroccino3 (19 bar - Preto),"['89,99']",Black Friday
www.worten.pt,20201127,Máquina de Café KRUPS Dolce Gusto KP3408P12 Genio S + 60 Cápsulas (15 bar - Preto),"['74,99']",Black Friday
www.worten.pt,20201127,Máquina de Café KRUPS Dolce Gusto KP1308P0 Lumio Preto,"['49,97']",Black Friday
www.worten.pt,20201127,Máquina de Café DELTA Q Qool Evolution (19 bar - Preto),"['79,99']",Black Friday
www.worten.pt,20201127,Máquina de Café NESPRESSO Delonghi Essenza Mini EN85R (19 bar - Vermelho),"['59,99']",Black Friday
www.worten.pt,20201127,Máquina de Café DELONGHI Nespresso Essenza Mini EN85B (19 bar - Preto),"['59,99']",Black Friday
www.worten.pt,20201127,Máquina de Café NESPRESSO Delonghi Essenza Mini EN85L (19 bar - Verde),"['59,99']",Black Friday
www.worten.pt,20201127,Máquina de Café KRUPS Dolce Gusto Lumio KP1301P12 BR + 60 Cápsulas (15 bar - Branco),"['69,99']",Black Friday
www.worten.pt,20201127,Máquina de Café NESPRESSO Delonghi Expert EN350 G (19 bar - Cinzento),"['219,99']",Black Friday
www.worten.pt,20201127,Máquina de Café IKOHS Potts Preto,"['60,00']",Black Friday
www.worten.pt,20201127,Máquina de Café DELTA Q Qool Evolution (19 bar - Vermelho),"['79,99']",Black Friday
www.worten.pt,20201127,Máquina de Café Delonghi NESPRESSO EN650B (19 bar - Preto),"['269,99']",Black Friday
www.worten.pt,20201127,Consola Portátil Nintendo Switch V2 (32 GB - Azul  e Vermelho Néon),"['279,99']",Black Friday
www.worten.pt,20201127,Consola Nintendo Switch Lite + Animal Crossing (32 GB - Turquesa),"['229,00']",Black Friday
www.worten.pt,20201127,iPhone SE APPLE (4.7'' - 128 GB - Preto),"['449,99']",Black Friday
www.worten.pt,20201127,Coluna Bluetooth JBL Xtreme 2 GM (40W - Autonomia 15 horas),"['149,99']",Black Friday
www.worten.pt,20201127,SAMSUNG Galaxy Watch 46mm Cinza,"['199,99']",Black Friday
www.worten.pt,20201127,Comando PS4 Dualshock Black v2 (Wireless),"['39,99']",Black Friday
www.worten.pt,20201127,Smartphone XIAOMI Redmi Note 9 Pro (6.67'' - 6 GB - 128 GB - Branco),"['229,99']",Black Friday
www.worten.pt,20201127,TV LG 75UN85006 (LED - 75'' - 191 cm - 4K Ultra HD - Smart TV),"['999,99']",Black Friday
www.worten.pt,20201127,Monitor LG 29WL500-B (29'' - Full HD - LED IPS - FreeSync),"['179,99']",Black Friday
www.worten.pt,20201127,Tablet SAMSUNG Galaxy Tab S6 Lite (10.4'' - 64 GB - 4 GB RAM - Wi-Fi - Cinzento),"['299,99']",Black Friday
www.worten.pt,20201127,Desktop Gaming HP Pavilion TG01-1024np (Intel Core i5-10400F - NVIDIA GeForce GTX 1660 Super - RAM: 16 GB - 512 GB SSD PCIe),"['749,99']",Black Friday
www.worten.pt,20201127,Kit Máquina Fotográfica Reflex CANON EOS 2000D + 18-55 mm DC + Bolsa SB130 + 16 GB (24.1 MP - Sensor APS-C - ISO: 100 a 12800),"['299,99']",Black Friday
www.worten.pt,20201127,Purificador de Ar  AIRFREE P3000 ( 32 m2),"['99,99']",Black Friday
www.worten.pt,20201127,Consola PS4 Slim + FIFA 21 (500 GB),"['299,99']",Black Friday
www.worten.pt,20201127,Aspirador Vertical DYSON V8 Animal + (21.6 V - Autonomia: 40 min - 540 ml),"['269,99']",Black Friday
www.worten.pt,20201127,Máquina de Lavar Roupa SAMSUNG Addwash WW80T554DTW (8 kg - 1400 rpm - Branco),"['379,99']",Black Friday
www.worten.pt,20201127,Máquina de Lavar Loiça CANDY CDPN 2D360PW (13 Conjuntos - 60 cm - Branco),"['279,99']",Black Friday
www.worten.pt,20201127,Placa de Indução BECKEN BIH3300 (Elétrica - 59 cm - Preto),"['199,99']",Black Friday
www.worten.pt,20201127,Frigorífico Americano LG GSX961MCVZ Instaview (No Frost - 179 cm - 601 L - Preto),"['1599,00']",Black Friday
www.worten.pt,20201127,Cave de Vinho BECKEN BWC3989 (17 Garrafas - Inox),"['149,99']",Black Friday
www.worten.pt,20201127,Micro-ondas LG NeoChef MH6336GIB (23 L - Com Grill - Preto),"['99,99']",Black Friday
www.worten.pt,20201127,Máquina de Lavar Roupa  BEKO WTA 9712 XSWR (9 kg - 1400 rpm - Branco),"['289,99']",Black Friday
www.worten.pt,20201127,Máquina de Secar Roupa HOTPOINT NT M11 82SK EU (8kg - Bomba de Calor - Branco),"['459,99']",Black Friday
www.worten.pt,20201127,TV LG OLED55CX5 (OLED - 55'' - 140 cm - 4K Ultra HD - Smart TV),"['1249,00']",Black Friday
www.worten.pt,20201127,Robô de Cozinha MOULINEX ICompanion HF900110 (4.5 L - 1550 W - 5 acessórios),"['399,99']",Black Friday
www.worten.pt,20201127,Varinha BOSCH MSM67170 (750 W - 12 velocidades),"['34,99']",Black Friday
www.worten.pt,20201127,Auscultador Bluetooth PHILIPS TAPH805BK (Over Ear - Microfone - Noise Canceling),"['89,99']",Black Friday
www.worten.pt,20201127,Smartphone SAMSUNG Galaxy A20s (6.5'' - 3 GB - 32 GB - Preto),"['129,99']",Black Friday
www.worten.pt,20201127,Sistema Mesh TP-LINK Deco M4 2 Unid. (AC1200 - 300 + 867 Mbps),"['69,99']",Black Friday
www.worten.pt,20201127,Perfume CALVIN KLEIN Endless Euphoria Eau de Parfum (125 ml),"['29,97']",Black Friday
www.worten.pt,20201127,Trator a Pedal HOMCOM 341-018 (114 x 41 x 52 cm),"['74,99']",Black Friday
www.worten.pt,20201127,Smartphone SAMSUNG Galaxy A30s (6.4'' - 4 GB - 128 GB - Preto),"['189,99']",Black Friday
www.worten.pt,20201127,Smartphone SAMSUNG Galaxy S20 (6.2'' - 8 GB - 128 GB - Cinzento),"['599,99']",Black Friday
www.worten.pt,20201127,Smartphone SAMSUNG Galaxy A20e (5.8'' - 3 GB - 32 GB - Preto),"['139,99']",Black Friday
www.worten.pt,20201127,Smartphone SAMSUNG Galaxy A21s (6.55'' - 4 GB - 64 GB - Branco),"['179,99']",Black Friday
www.worten.pt,20201127,Smartphone SAMSUNG Galaxy A21s (6.55'' - 3 GB - 32 GB - Preto),"['159,99']",Black Friday
www.worten.pt,20201127,Smartphone SAMSUNG Galaxy A51 (6.5'' - 4 GB - 128 GB - Preto),"['289,99']",Black Friday
www.worten.pt,20201127,Smartphone SAMSUNG Galaxy A20s (6.5'' - 3 GB - 32 GB - Azul),"['129,99']",Black Friday
www.worten.pt,20201127,Smartphone SAMSUNG Galaxy A31 (6.4'' - 4 GB - 64 GB - Preto),"['229,99']",Black Friday
www.worten.pt,20201127,Smartphone SAMSUNG Galaxy A21s (6.55'' - 4 GB - 128 GB - Preto),"['209,99']",Black Friday
www.worten.pt,20201127,Smartphone SAMSUNG Galaxy A21s (6.55'' - 3 GB - 32 GB - Branco),"['159,99']",Black Friday
www.worten.pt,20201127,Smartphone SAMSUNG Galaxy A21s (6.55'' - 4 GB - 64 GB - Azul),"['203,19']",Black Friday
www.worten.pt,20201127,Smartphone SAMSUNG Galaxy A31 (6.4'' - 4 GB - 128 GB - Prateado),"['249,99']",Black Friday
www.worten.pt,20201127,Smartphone SAMSUNG Galaxy A30s (6.4'' - 4 GB - 128 GB - Branco),"['189,99']",Black Friday
www.worten.pt,20201127,Smartphone SAMSUNG Galaxy A20e (5.8'' - 3 GB - 32 GB - Azul),"['139,99']",Black Friday
www.worten.pt,20201127,Smartphone SAMSUNG Galaxy A31 (6.4'' - 4 GB - 128 GB - Preto),"['249,99']",Black Friday
www.worten.pt,20201127,Smartphone SAMSUNG Galaxy A21s (6.55'' - 4 GB - 128 GB - Branco),"['209,99']",Black Friday
www.worten.pt,20201127,Smartphone SAMSUNG Galaxy A21s (6.55'' - 3 GB - 32 GB - Azul),"['159,99']",Black Friday
www.worten.pt,20201127,Smartphone SAMSUNG Galaxy A20e (5.8'' - 3 GB - 32 GB - Coral),"['139,99']",Black Friday
www.worten.pt,20201127,Smartphone SAMSUNG Galaxy A31 (6.4'' - 4 GB - 64 GB - Prateado),"['229,99']",Black Friday
www.worten.pt,20201127,Smartphone SAMSUNG Galaxy A51 (6.5'' - 4 GB - 128 GB - Branco),"['289,99']",Black Friday
www.worten.pt,20201127,Smartphone SAMSUNG Galaxy S20+ 5G (6.7'' - 12 GB - 128 GB - Preto),"['799,99']",Black Friday
www.worten.pt,20201127,Smartphone SAMSUNG Galaxy A20e (5.8'' - 3 GB - 32 GB - Branco),"['139,99']",Black Friday
www.worten.pt,20201127,Smartphone SAMSUNG Galaxy S20 (6.2'' - 8 GB - 128 GB - Rosa),"['599,99']",Black Friday
www.worten.pt,20201127,Smartphone XIAOMI Redmi Note 9 Pro (6.67'' - 6 GB - 128 GB - Cinzento),"['229,99']",Black Friday
www.worten.pt,20201127,Smartphone XIAOMI Redmi 9 (6.53'' - 4 GB - 64 GB - Roxo),"['129,99']",Black Friday
www.worten.pt,20201127,Smartphone XIAOMI Redmi Note 9 Pro (6.67'' - 6 GB - 128 GB - Verde),"['229,99']",Black Friday
www.worten.pt,20201127,Smartphone XIAOMI Mi 10 Lite 5G (6.57'' - 6 GB - 128 GB - Azul),"['279,99']",Black Friday
www.worten.pt,20201127,Smartphone XIAOMI Redmi 9 (6.53'' - 4 GB - 64 GB - Cinzento),"['139,69']",Black Friday
www.worten.pt,20201127,Smartphone XIAOMI Redmi 9 (6.53'' - 4 GB - 64 GB - Verde),"['129,99']",Black Friday
www.worten.pt,20201127,Smartphone XIAOMI Redmi 9 (6.53'' - 3 GB - 32 GB - Verde),"['129,99']",Black Friday
www.worten.pt,20201127,Smartphone XIAOMI Redmi Note 9 (6.53'' -  4 GB - 128 GB - Cinzento),"['180,50']",Black Friday
www.worten.pt,20201127,Smartphone XIAOMI Redmi Note 9 Pro (6.67'' - 6 GB - 64 GB - Cinzento),"['215,00']",Black Friday
www.worten.pt,20201127,Smartphone XIAOMI Redmi 9 (6.53'' - 3 GB - 32 GB - Cinzento),"['126,99']",Black Friday
www.worten.pt,20201127,Smartphone XIAOMI Poco X3 NFC (6 GB - 128 GB - Cinzento),"['257,40']",Black Friday
www.worten.pt,20201127,Smartphone XIAOMI Redmi Note 9S (6.67'' - 6 GB - 128 GB - Azul),"['279,99']",Black Friday
www.worten.pt,20201127,"Smartphone XIAOMI Redmi Note 9S (6.67"" - 6 GB - 128 GB - Cinzento)","['202,99']",Black Friday
www.worten.pt,20201127,Smartphone XIAOMI Redmi Note 9 Pro (6.67'' - 6 GB - 64 GB - Verde),"['289,99']",Black Friday
www.worten.pt,20201127,Smartphone XIAOMI Redmi 9C NFC (6.53'' - 2 GB - 32 GB - Azul),"['119,00']",Black Friday
www.worten.pt,20201127,Smartphone XIAOMI Redmi Note 9S (6.67'' - 6 GB - 128 GB - Branco),"['279,99']",Black Friday
www.worten.pt,20201127,Smartphone XIAOMI Mi 10 Lite 5G (6.57'' - 6 GB - 128 GB - Cinzento),"['289,00']",Black Friday
www.worten.pt,20201127,Smartphone XIAOMI Redmi Note 8T (6.3'' - 4 GB - 64 GB - Azul),"['185,39']",Black Friday
www.worten.pt,20201127,Smartphone XIAOMI Mi 10T Pro 5G (6.67'' - 8 GB - 128 GB - Preto),"['599,90']",Black Friday
www.worten.pt,20201127,Smartphone XIAOMI Redmi Note 8 Pro (6.53'' - 6 GB - 128 GB - Verde),"['204,99']",Black Friday
www.worten.pt,20201127,Smartphone XIAOMI Redmi Note 9 (6.53'' - 4 GB - 128 GB - Branco),"['269,99']",Black Friday
www.worten.pt,20201127,Smartphone XIAOMI Redmi 8 (6.22'' - 4 GB - 64 GB - Azul),"['145,89']",Black Friday
www.worten.pt,20201127,Smartphone XIAOMI Poco X3 NFC (6 GB - 64 GB - Cinzento),"['229,02']",Black Friday
www.pcdiga.com,20181102,Samsung Galaxy S8+ Starter Kit 1 - Outros - Acessórios - Mobilidade - PCDIGA,"['39,90']",Sem Promocao
www.pcdiga.com,20181102,Samsung Galaxy S8+ Starter Kit 2 - Outros - Acessórios - Mobilidade - PCDIGA,"['44,90']",Sem Promocao
www.pcdiga.com,20190325,"Smartphone Samsung Galaxy S10+ 6.4"" 128GB Dual SIM Verde - PCDIGA","['1019,00']",Sem Promocao
www.pcdiga.com,20190426,"Smartphone Samsung Galaxy S10+ 6.4"" 128GB Dual SIM Branco - PCDIGA","['1019,00']",Sem Promocao
www.pcdiga.com,20201201,"Smartphone Samsung Galaxy S20 6.2"" 8GB/128GB Dual SIM Azul | PCDIGA","['929,90']",Sem Promocao
www.pcdiga.com,20201130,"Smartphone Samsung Galaxy S20 6.2"" 8GB/128GB Dual SIM Azul | PCDIGA","['929,90']",Sem Promocao
www.pcdiga.com,20190325,Smartphone Apple iPhone 7 32GB Dourado - PCDIGA,"['469,90']",Sem Promocao
www.pcdiga.com,20190325,Smartphone Apple iPhone 7 128GB Prateado - PCDIGA,"['649,00']",Sem Promocao
www.pcdiga.com,20190325,Smartphone Apple iPhone 8 64GB Dourado - PCDIGA,"['619,00']",Sem Promocao
www.pcdiga.com,20190325,Smartphone Apple iPhone 8 64GB Prateado - PCDIGA,"['619,00']",Sem Promocao
www.pcdiga.com,20190325,Smartphone Apple iPhone X 256GB Prateado - PCDIGA,"['1199,00']",Sem Promocao
www.pcdiga.com,20190325,Smartphone Apple iPhone XS 256GB Prateado - PCDIGA,"['1349,00']",Sem Promocao
www.pcdiga.com,20190325,Smartphone Apple iPhone XR 256GB Preto - PCDIGA,"['1049,00']",Sem Promocao
www.pcdiga.com,20190325,Smartphone Apple iPhone XR 128GB Preto - PCDIGA,"['799,00']",Sem Promocao
www.pcdiga.com,20190325,Smartphone Apple iPhone X 64GB Prateado - PCDIGA,"['999,00']",Sem Promocao
www.pcdiga.com,20190325,Smartphone Apple iPhone XS 256GB Cinzento Sideral - PCDIGA,"['1349,00']",Sem Promocao
www.pcdiga.com,20181107,Smartphone Apple iPhone XS 64GB Prateado - PCDIGA,"['1179,00']",Sem Promocao
www.pcdiga.com,20181107,Smartphone Apple iPhone XS 256GB Dourado - PCDIGA,"['1349,00']",Sem Promocao
www.pcdiga.com,20190426,"Smartphone Huawei Mate 20 X 7.2"" 128GB Dual SIM Azul - PCDIGA","['729,00']",Sem Promocao
www.pcdiga.com,20181107,"Smartphone Huawei Mate 20 Pro 6.39"" 128GB Dual SIM Preto - PCDIGA","['1049,00']",Sem Promocao
www.pcdiga.com,20190902,"Smartphone Xiaomi Mi 9 6.39"" 6GB/64GB Dual SIM Preto | PCDIGA","['409,90']",Sem Promocao
www.pcdiga.com,20190902,"Smartphone Xiaomi Mi 9 6.39"" 6GB/128GB Dual SIM Preto | PCDIGA","['459,90']",Sem Promocao
www.pcdiga.com,20170214,Consola Microsoft Xbox One 500 GB (5C5-00013),"['239,90']",Sem Promocao
www.pcdiga.com,20170214,Microsoft Xbox One 1TB Rainbow Six Siege,"['269,90']",Sem Promocao
www.pcdiga.com,20170214,Consola Microsoft Xbox One S 500GB + Battlefield 1,"['289,90']",Sem Promocao
www.pcdiga.com,20170214,Microsoft Xbox One 500GB + Quantum Break,"['299,90']",Sem Promocao
www.pcdiga.com,20170214,Consola Microsoft Xbox One S 500GB + Fifa 17,"['299,90']",Sem Promocao
www.pcdiga.com,20170214,Microsoft Xbox One 1TB Tom Clancy's The Division,"['349,90']",Sem Promocao
www.pcdiga.com,20170214,Consola Microsoft Xbox One 500GB+Kinect+Assassin's Creed,"['389,90']",Sem Promocao
www.pcdiga.com,20170214,Consola Microsoft Xbox One 1TB Call of Duty: Advanced Warfare,"['489,90']",Sem Promocao
www.pcdiga.com,20171217,Microsoft Xbox One 1TB Rainbow Six Siege,"['269,90']",Sem Promocao
www.pcdiga.com,20171217,Microsoft Xbox One 500GB + Quantum Break,"['299,90']",Sem Promocao
www.pcdiga.com,20171217,Microsoft Xbox One 1TB Tom Clancy's The Division,"['349,90']",Sem Promocao
www.pcdiga.com,20171217,Consola Microsoft Xbox One 1TB Call of Duty: Advanced Warfare,"['489,90']",Sem Promocao
