site,promocao,categoria,price_list,min_price,max_price,avg_price,price_variation,discount_percent,brand,model,sub_model,brand_model,color,HDD_size,RAM_size,date
elcorteingles,Saldos Verao,Smartphone,"[399.0, 449.0]",399.0,449.0,424.0,25.0,11.1358574610245,apple,iphone,6,iphone 6,cinzento,,32.0,20170811
elcorteingles,Sem Promocao,Smartphone,[1029.0],1029.0,1029.0,1029.0,0.0,0.0,apple,iphone,7,iphone 7,preto,128.0,,20170819
elcorteingles,Saldos Verao,Smartphone,"[399.0, 449.0]",399.0,449.0,424.0,25.0,11.1358574610245,apple,iphone,6,iphone 6,cinzento,,32.0,20170819
elcorteingles,Sem Promocao,Smartphone,[799.9],799.9,799.9,799.9,0.0,0.0,samsung,galaxy_s,8,galaxy_s 8,prateado,,,20170819
elcorteingles,Sem Promocao,Smartphone,[919.9],919.9,919.9,919.9,0.0,0.0,samsung,galaxy_s,8,galaxy_s 8,prateado,,,20171221
elcorteingles,Sem Promocao,Smartphone,[829.0],829.0,829.0,829.0,0.0,0.0,apple,iphone,8,iphone 8,dourado,64.0,,20171223
elcorteingles,Sem Promocao,Smartphone,[829.0],829.0,829.0,829.0,0.0,0.0,apple,iphone,8,iphone 8,prata,64.0,,20171223
elcorteingles,Sem Promocao,Smartphone,[699.9],699.9,699.9,699.9,0.0,0.0,huawei,p,20,p 20,preto,128.0,,20180503
elcorteingles,Sem Promocao,Smartphone,[1179.0],1179.0,1179.0,1179.0,0.0,0.0,apple,iphone,xs,iphone xs,dourado,64.0,,20181116
elcorteingles,Sem Promocao,Smartphone,[929.9],929.9,929.9,929.9,0.0,0.0,samsung,galaxy_s,10,galaxy_s 10,preto,128.0,,20190422
elcorteingles,Sem Promocao,Smartphone,[1029.9],1029.9,1029.9,1029.9,0.0,0.0,samsung,galaxy_s,10,galaxy_s 10,preto,128.0,,20190422
elcorteingles,Sem Promocao,Smartphone,[1179.0],1179.0,1179.0,1179.0,0.0,0.0,apple,iphone,xs,iphone xs,cinzento,64.0,,20190422
elcorteingles,Sem Promocao,Smartphone,"[559.9, 799.9]",559.9,799.9,679.9,120.0,30.003750468808605,huawei,p,20,p 20,preto,128.0,,20190422
elcorteingles,Sem Promocao,Smartphone,[939.0],939.0,939.0,939.0,0.0,0.0,apple,iphone,xr,iphone xr,preto,128.0,,20190906
elcorteingles,Sem Promocao,Smartphone,[1179.0],1179.0,1179.0,1179.0,0.0,0.0,apple,iphone,xs,iphone xs,dourado,64.0,,20190906
elcorteingles,Sem Promocao,Smartphone,[1279.0],1279.0,1279.0,1279.0,0.0,0.0,apple,iphone,xs,iphone xs,cinzento,64.0,,20190906
elcorteingles,Black Friday,Consola,[69.99],69.99,69.99,69.99,0.0,0.0,xbox,one,x,one x,,,,20191129
elcorteingles,Sem Promocao,Consola,[69.99],69.99,69.99,69.99,0.0,0.0,xbox,one,x,one x,,,,20191129
elcorteingles,Black Friday,Consola,"[29.99, 44.99]",29.99,44.99,37.49,7.500000000000002,33.34074238719716,xbox,one,x,one x,,,,20191129
elcorteingles,Black Friday,Consola,"[29.99, 44.99]",29.99,44.99,37.49,7.500000000000002,33.34074238719716,xbox,one,x,one x,,,,20191129
fnac,Sem Promocao,Smartphone,[779.99],779.99,779.99,779.99,0.0,0.0,apple,iphone,7,iphone 7,preto,,32.0,20170816
fnac,Sem Promocao,Consola,[129.99],129.99,129.99,129.99,0.0,0.0,xbox,one,,one,,,,20170819
fnac,Sem Promocao,Consola,[399.0],399.0,399.0,399.0,0.0,0.0,sony,ps4 pro,,ps4 pro,,,,20170819
fnac,Sem Promocao,Consola,[399.99],399.99,399.99,399.99,0.0,0.0,sony,ps4 pro,,ps4 pro,,,,20170819
fnac,Sem Promocao,Consola,[478.99],478.99,478.99,478.99,0.0,0.0,sony,ps4 slim,,ps4 slim,,,,20170819
fnac,Sem Promocao,Consola,[379.99],379.99,379.99,379.99,0.0,0.0,sony,ps4 slim,,ps4 slim,,,,20170819
fnac,Sem Promocao,Consola,[499.99],499.99,499.99,499.99,0.0,0.0,sony,ps4 slim,,ps4 slim,,,,20170819
fnac,Sem Promocao,Consola,[369.99],369.99,369.99,369.99,0.0,0.0,sony,ps4 slim,,ps4 slim,,,,20170819
fnac,Sem Promocao,Consola,[349.99],349.99,349.99,349.99,0.0,0.0,sony,ps4 slim,,ps4 slim,,,,20170819
fnac,Sem Promocao,Consola,[399.99],399.99,399.99,399.99,0.0,0.0,sony,ps4 slim,,ps4 slim,,,,20170819
fnac,Sem Promocao,Consola,[369.99],369.99,369.99,369.99,0.0,0.0,sony,ps4 slim,,ps4 slim,,,,20170819
fnac,Sem Promocao,Consola,[369.99],369.99,369.99,369.99,0.0,0.0,sony,ps4 slim,,ps4 slim,,,,20170819
fnac,Sem Promocao,Consola,[299.99],299.99,299.99,299.99,0.0,0.0,sony,ps4 slim,,ps4 slim,,500.0,,20170819
fnac,Sem Promocao,Consola,[90.0],90.0,90.0,90.0,0.0,0.0,xbox,one,,one,,,,20170819
fnac,Sem Promocao,Consola,[249.99],249.99,249.99,249.99,0.0,0.0,xbox,one,,one,,,,20170819
fnac,Sem Promocao,Consola,[109.99],109.99,109.99,109.99,0.0,0.0,xbox,one,,one,,,,20170819
fnac,Sem Promocao,Consola,[89.0],89.0,89.0,89.0,0.0,0.0,xbox,one,,one,,,,20170819
fnac,Sem Promocao,Consola,[159.99],159.99,159.99,159.99,0.0,0.0,xbox,one,,one,,,,20170819
fnac,Saldos Verao,Consola,"[84.99, 99.99]",84.99,99.99,92.49,7.5,15.001500150015,xbox,one,,one,,,,20170819
fnac,Sem Promocao,Consola,[199.99],199.99,199.99,199.99,0.0,0.0,xbox,one,,one,,,,20170819
fnac,Sem Promocao,Consola,[122.0],122.0,122.0,122.0,0.0,0.0,xbox,one,,one,,,,20170819
fnac,Saldos Verao,Smartphone,"[179.99, 229.99]",179.99,229.99,204.99,25.0,21.740075655463283,huawei,p,8,p 8,preto,,,20170819
fnac,Saldos Verao,Smartphone,"[179.99, 229.99]",179.99,229.99,204.99,25.0,21.740075655463283,huawei,p,8,p 8,dourado,,,20170819
fnac,Saldos Verao,Smartphone,"[179.99, 229.99]",179.99,229.99,204.99,25.0,21.740075655463283,huawei,p,8,p 8,branco,,,20170819
fnac,Sem Promocao,Smartphone,[169.93],169.93,169.93,169.93,0.0,0.0,huawei,p,8,p 8,branco,,16.0,20170819
fnac,Sem Promocao,Smartphone,[169.9],169.9,169.9,169.9,0.0,0.0,huawei,p,8,p 8,preto,,16.0,20170819
fnac,Saldos Verao,Smartphone,"[219.99, 259.99]",219.99,259.99,239.99,20.0,15.385207123350895,huawei,p,8,p 8,preto,,,20170819
fnac,Saldos Verao,Smartphone,"[219.99, 259.99]",219.99,259.99,239.99,20.0,15.385207123350895,huawei,p,8,p 8,dourado,,,20170819
fnac,Saldos Verao,Smartphone,"[219.99, 259.99]",219.99,259.99,239.99,20.0,15.385207123350895,huawei,p,8,p 8,branco,,,20170819
fnac,Sem Promocao,Smartphone,[169.9],169.9,169.9,169.9,0.0,0.0,huawei,p,8,p 8,branco,,16.0,20170819
fnac,Sem Promocao,Consola,[159.99],159.99,159.99,159.99,0.0,0.0,xbox,one,,one,,,,20170819
fnac,Sem Promocao,Consola,[129.99],129.99,129.99,129.99,0.0,0.0,xbox,one,,one,,,,20170819
fnac,Sem Promocao,Consola,[429.9],429.9,429.9,429.9,0.0,0.0,sony,ps4 pro,,ps4 pro,,,,20170819
fnac,Sem Promocao,Consola,[399.99],399.99,399.99,399.99,0.0,0.0,sony,ps4 slim,,ps4 slim,,,,20170819
fnac,Sem Promocao,Consola,[344.99],344.99,344.99,344.99,0.0,0.0,sony,ps4 slim,,ps4 slim,,500.0,,20170819
fnac,Sem Promocao,Consola,[159.99],159.99,159.99,159.99,0.0,0.0,xbox,one,,one,,,,20170819
fnac,Sem Promocao,Consola,[29.95],29.95,29.95,29.95,0.0,0.0,xbox,one,,one,,,,20170819
fnac,Sem Promocao,Smartphone,[172.9],172.9,172.9,172.9,0.0,0.0,huawei,p,8,p 8,preto,,16.0,20170819
fnac,Sem Promocao,Consola,[89.99],89.99,89.99,89.99,0.0,0.0,xbox,one,,one,,,,20170819
fnac,Sem Promocao,Consola,[30.99],30.99,30.99,30.99,0.0,0.0,xbox,one,,one,,,,20170819
fnac,Sem Promocao,Consola,[129.99],129.99,129.99,129.99,0.0,0.0,xbox,one,,one,,,,20170819
fnac,Sem Promocao,Consola,[152.99],152.99,152.99,152.99,0.0,0.0,xbox,one,,one,,,,20170819
fnac,Sem Promocao,Smartphone,[283.0],283.0,283.0,283.0,0.0,0.0,huawei,p,8,p 8,preto,,16.0,20170819
fnac,Sem Promocao,Smartphone,[842.99],842.99,842.99,842.99,0.0,0.0,apple,iphone,8,iphone 8,prata,256.0,,20180719
fnac,Sem Promocao,Smartphone,[1009.99],1009.99,1009.99,1009.99,0.0,0.0,apple,iphone,8,iphone 8,dourado,256.0,,20180719
fnac,Sem Promocao,Smartphone,[1009.99],1009.99,1009.99,1009.99,0.0,0.0,apple,iphone,8,iphone 8,prateado,256.0,,20180719
fnac,Sem Promocao,Smartphone,[1009.99],1009.99,1009.99,1009.99,0.0,0.0,apple,iphone,8,iphone 8,vermelho,256.0,,20180719
fnac,Sem Promocao,Smartphone,[829.99],829.99,829.99,829.99,0.0,0.0,apple,iphone,8,iphone 8,prata,64.0,,20180719
fnac,Sem Promocao,Smartphone,[829.99],829.99,829.99,829.99,0.0,0.0,apple,iphone,8,iphone 8,dourado,64.0,,20180719
fnac,Sem Promocao,Smartphone,[829.99],829.99,829.99,829.99,0.0,0.0,apple,iphone,8,iphone 8,prateado,64.0,,20180719
fnac,Sem Promocao,Smartphone,[665.0],665.0,665.0,665.0,0.0,0.0,apple,iphone,8,iphone 8,vermelho,64.0,,20180719
fnac,Sem Promocao,Smartphone,[1119.99],1119.99,1119.99,1119.99,0.0,0.0,apple,iphone,8,iphone 8,prata,256.0,,20180719
fnac,Sem Promocao,Smartphone,[1119.99],1119.99,1119.99,1119.99,0.0,0.0,apple,iphone,8,iphone 8,dourado,256.0,,20180719
fnac,Sem Promocao,Smartphone,[1138.4],1138.4,1138.4,1138.4,0.0,0.0,apple,iphone,8,iphone 8,prateado,256.0,,20180719
fnac,Sem Promocao,Smartphone,[1186.0],1186.0,1186.0,1186.0,0.0,0.0,apple,iphone,8,iphone 8,vermelho,256.0,,20180719
fnac,Sem Promocao,Smartphone,[939.99],939.99,939.99,939.99,0.0,0.0,apple,iphone,8,iphone 8,prata,64.0,,20180719
fnac,Sem Promocao,Smartphone,[939.99],939.99,939.99,939.99,0.0,0.0,apple,iphone,8,iphone 8,dourado,64.0,,20180719
fnac,Sem Promocao,Smartphone,[939.99],939.99,939.99,939.99,0.0,0.0,apple,iphone,8,iphone 8,prateado,64.0,,20180719
fnac,Sem Promocao,Smartphone,[781.0],781.0,781.0,781.0,0.0,0.0,apple,iphone,8,iphone 8,vermelho,64.0,,20180719
fnac,Sem Promocao,Smartphone,[1199.0],1199.0,1199.0,1199.0,0.0,0.0,apple,iphone,x ,iphone x ,prata,256.0,,20180719
fnac,Sem Promocao,Smartphone,[1359.99],1359.99,1359.99,1359.99,0.0,0.0,apple,iphone,x ,iphone x ,prata,256.0,,20180719
fnac,Sem Promocao,Smartphone,[1102.5],1102.5,1102.5,1102.5,0.0,0.0,apple,iphone,x ,iphone x ,prateado,256.0,,20180719
fnac,Sem Promocao,Smartphone,[1009.0],1009.0,1009.0,1009.0,0.0,0.0,apple,iphone,x ,iphone x ,prata,64.0,,20180719
fnac,Sem Promocao,Smartphone,[1179.99],1179.99,1179.99,1179.99,0.0,0.0,apple,iphone,x ,iphone x ,prata,64.0,,20180719
fnac,Sem Promocao,Smartphone,[1179.99],1179.99,1179.99,1179.99,0.0,0.0,apple,iphone,x ,iphone x ,prateado,64.0,,20180719
fnac,Saldos Verao,Smartphone,"[589.99, 719.99]",589.99,719.99,654.99,65.0,18.05580633064348,samsung,galaxy_s,8,galaxy_s 8,prata,,,20180719
fnac,Saldos Verao,Smartphone,"[589.99, 719.99]",589.99,719.99,654.99,65.0,18.05580633064348,samsung,galaxy_s,8,galaxy_s 8,prateado,,,20180719
fnac,Sem Promocao,Smartphone,[475.9],475.9,475.9,475.9,0.0,0.0,samsung,galaxy_s,8,galaxy_s 8,preto,,,20180719
fnac,Saldos Verao,Smartphone,"[589.99, 719.99]",589.99,719.99,654.99,65.0,18.05580633064348,samsung,galaxy_s,8,galaxy_s 8,rosa,,,20180719
fnac,Sem Promocao,Smartphone,[528.0],528.0,528.0,528.0,0.0,0.0,samsung,galaxy_s,8,galaxy_s 8,preto,,4.0,20180719
fnac,Sem Promocao,Smartphone,[477.99],477.99,477.99,477.99,0.0,0.0,samsung,galaxy_s,8,galaxy_s 8,preto,,,20180719
fnac,Sem Promocao,Smartphone,[819.99],819.99,819.99,819.99,0.0,0.0,samsung,galaxy_s,8,galaxy_s 8,dourado,,,20180719
fnac,Sem Promocao,Smartphone,[819.99],819.99,819.99,819.99,0.0,0.0,samsung,galaxy_s,8,galaxy_s 8,preto,,,20180719
fnac,Sem Promocao,Smartphone,[528.0],528.0,528.0,528.0,0.0,0.0,samsung,galaxy_s,8,galaxy_s 8,prata,,,20180719
fnac,Saldos Verao,Smartphone,"[679.99, 819.99]",679.99,819.99,749.99,70.0,17.073378943645654,samsung,galaxy_s,8,galaxy_s 8,prateado,,,20180719
fnac,Saldos Verao,Smartphone,"[679.99, 819.99]",679.99,819.99,749.99,70.0,17.073378943645654,samsung,galaxy_s,8,galaxy_s 8,preto,,,20180719
fnac,Sem Promocao,Smartphone,[999.99],999.99,999.99,999.99,0.0,0.0,samsung,galaxy_s,9,galaxy_s 9,prata,256.0,,20180719
fnac,Sem Promocao,Smartphone,[869.99],869.99,869.99,869.99,0.0,0.0,samsung,galaxy_s,9,galaxy_s 9,azul,,,20180719
fnac,Sem Promocao,Smartphone,[869.99],869.99,869.99,869.99,0.0,0.0,samsung,galaxy_s,9,galaxy_s 9,dourado,,,20180719
fnac,Sem Promocao,Smartphone,[869.99],869.99,869.99,869.99,0.0,0.0,samsung,galaxy_s,9,galaxy_s 9,preto,,,20180719
fnac,Sem Promocao,Smartphone,[869.99],869.99,869.99,869.99,0.0,0.0,samsung,galaxy_s,9,galaxy_s 9,rosa,,,20180719
fnac,Sem Promocao,Smartphone,[1099.99],1099.99,1099.99,1099.99,0.0,0.0,samsung,galaxy_s,9,galaxy_s 9,prata,256.0,,20180719
fnac,Sem Promocao,Smartphone,[969.99],969.99,969.99,969.99,0.0,0.0,samsung,galaxy_s,9,galaxy_s 9,azul,,,20180719
fnac,Sem Promocao,Smartphone,[969.99],969.99,969.99,969.99,0.0,0.0,samsung,galaxy_s,9,galaxy_s 9,dourado,,,20180719
fnac,Sem Promocao,Smartphone,[969.99],969.99,969.99,969.99,0.0,0.0,samsung,galaxy_s,9,galaxy_s 9,preto,,,20180719
fnac,Sem Promocao,Smartphone,[969.99],969.99,969.99,969.99,0.0,0.0,samsung,galaxy_s,9,galaxy_s 9,preto,,,20180719
fnac,Sem Promocao,Smartphone,[969.99],969.99,969.99,969.99,0.0,0.0,samsung,galaxy_s,9,galaxy_s 9,rosa,,,20180719
fnac,Sem Promocao,Smartphone,[549.89],549.89,549.89,549.89,0.0,0.0,samsung,galaxy_s,8,galaxy_s 8,azul,64.0,,20180719
fnac,Sem Promocao,Smartphone,[604.49],604.49,604.49,604.49,0.0,0.0,samsung,galaxy_s,8,galaxy_s 8,preto,64.0,,20180719
fnac,Sem Promocao,Smartphone,[570.0],570.0,570.0,570.0,0.0,0.0,samsung,galaxy_s,8,galaxy_s 8,azul,,4.0,20180719
fnac,Sem Promocao,Smartphone,[570.0],570.0,570.0,570.0,0.0,0.0,samsung,galaxy_s,8,galaxy_s 8,prata,,4.0,20180719
fnac,Sem Promocao,Smartphone,[570.0],570.0,570.0,570.0,0.0,0.0,samsung,galaxy_s,8,galaxy_s 8,prateado,,4.0,20180719
fnac,Sem Promocao,Smartphone,[775.0],775.0,775.0,775.0,0.0,0.0,samsung,galaxy_s,8,galaxy_s 8,prata,,4.0,20180719
fnac,Sem Promocao,Smartphone,[765.0],765.0,765.0,765.0,0.0,0.0,samsung,galaxy_s,8,galaxy_s 8,prateado,,4.0,20180719
fnac,Sem Promocao,Smartphone,[493.99],493.99,493.99,493.99,0.0,0.0,samsung,galaxy_s,8,galaxy_s 8,prata,,4.0,20180719
fnac,Sem Promocao,Smartphone,[661.0],661.0,661.0,661.0,0.0,0.0,samsung,galaxy_s,8,galaxy_s 8,preto,,4.0,20180719
fnac,Sem Promocao,Smartphone,[889.99],889.99,889.99,889.99,0.0,0.0,apple,iphone,8,iphone 8,prata,256.0,,20181013
fnac,Sem Promocao,Smartphone,[889.99],889.99,889.99,889.99,0.0,0.0,apple,iphone,8,iphone 8,dourado,256.0,,20181013
fnac,Sem Promocao,Smartphone,[889.99],889.99,889.99,889.99,0.0,0.0,apple,iphone,8,iphone 8,prateado,256.0,,20181013
fnac,Sem Promocao,Smartphone,[768.0],768.0,768.0,768.0,0.0,0.0,apple,iphone,8,iphone 8,vermelho,256.0,,20181013
fnac,Sem Promocao,Smartphone,[719.99],719.99,719.99,719.99,0.0,0.0,apple,iphone,8,iphone 8,prata,64.0,,20181013
fnac,Sem Promocao,Smartphone,[719.99],719.99,719.99,719.99,0.0,0.0,apple,iphone,8,iphone 8,dourado,64.0,,20181013
fnac,Sem Promocao,Smartphone,[719.99],719.99,719.99,719.99,0.0,0.0,apple,iphone,8,iphone 8,prateado,64.0,,20181013
fnac,Sem Promocao,Smartphone,[641.9],641.9,641.9,641.9,0.0,0.0,apple,iphone,8,iphone 8,vermelho,64.0,,20181013
fnac,Sem Promocao,Smartphone,[999.99],999.99,999.99,999.99,0.0,0.0,apple,iphone,8,iphone 8,prata,256.0,,20181013
fnac,Sem Promocao,Smartphone,[999.99],999.99,999.99,999.99,0.0,0.0,apple,iphone,8,iphone 8,dourado,256.0,,20181013
fnac,Sem Promocao,Smartphone,[999.99],999.99,999.99,999.99,0.0,0.0,apple,iphone,8,iphone 8,prateado,256.0,,20181013
fnac,Sem Promocao,Smartphone,[888.0],888.0,888.0,888.0,0.0,0.0,apple,iphone,8,iphone 8,vermelho,256.0,,20181013
fnac,Sem Promocao,Smartphone,[829.99],829.99,829.99,829.99,0.0,0.0,apple,iphone,8,iphone 8,prata,64.0,,20181013
fnac,Sem Promocao,Smartphone,[829.99],829.99,829.99,829.99,0.0,0.0,apple,iphone,8,iphone 8,dourado,64.0,,20181013
fnac,Sem Promocao,Smartphone,[829.99],829.99,829.99,829.99,0.0,0.0,apple,iphone,8,iphone 8,prateado,64.0,,20181013
fnac,Sem Promocao,Smartphone,[744.9],744.9,744.9,744.9,0.0,0.0,apple,iphone,8,iphone 8,vermelho,64.0,,20181013
fnac,Sem Promocao,Smartphone,[1060.0],1060.0,1060.0,1060.0,0.0,0.0,apple,iphone,x ,iphone x ,prata,256.0,,20181013
fnac,Sem Promocao,Smartphone,[1229.99],1229.99,1229.99,1229.99,0.0,0.0,apple,iphone,x ,iphone x ,prata,256.0,,20181013
fnac,Sem Promocao,Smartphone,[1229.99],1229.99,1229.99,1229.99,0.0,0.0,apple,iphone,x ,iphone x ,prateado,256.0,,20181013
fnac,Sem Promocao,Smartphone,[910.0],910.0,910.0,910.0,0.0,0.0,apple,iphone,x ,iphone x ,prata,64.0,,20181013
fnac,Sem Promocao,Smartphone,[1059.99],1059.99,1059.99,1059.99,0.0,0.0,apple,iphone,x ,iphone x ,prata,64.0,,20181013
fnac,Sem Promocao,Smartphone,[1059.99],1059.99,1059.99,1059.99,0.0,0.0,apple,iphone,x ,iphone x ,prateado,64.0,,20181013
fnac,Sem Promocao,Smartphone,"[549.99, 719.99]",549.99,719.99,634.99,85.0,23.611439047764552,samsung,galaxy_s,8,galaxy_s 8,prata,,,20181013
fnac,Sem Promocao,Smartphone,"[549.99, 719.99]",549.99,719.99,634.99,85.0,23.611439047764552,samsung,galaxy_s,8,galaxy_s 8,prateado,,,20181013
fnac,Sem Promocao,Smartphone,"[549.99, 719.99]",549.99,719.99,634.99,85.0,23.611439047764552,samsung,galaxy_s,8,galaxy_s 8,preto,,,20181013
fnac,Sem Promocao,Smartphone,[546.0],546.0,546.0,546.0,0.0,0.0,samsung,galaxy_s,8,galaxy_s 8,rosa,,,20181013
fnac,Sem Promocao,Smartphone,[475.99],475.99,475.99,475.99,0.0,0.0,samsung,galaxy_s,8,galaxy_s 8,preto,,4.0,20181013
fnac,Sem Promocao,Smartphone,[442.28],442.28,442.28,442.28,0.0,0.0,samsung,galaxy_s,8,galaxy_s 8,preto,,,20181013
fnac,Sem Promocao,Smartphone,[458.0],458.0,458.0,458.0,0.0,0.0,samsung,galaxy_s,8,galaxy_s 8,dourado,,,20181013
fnac,Sem Promocao,Smartphone,[458.8],458.8,458.8,458.8,0.0,0.0,samsung,galaxy_s,8,galaxy_s 8,preto,,,20181013
fnac,Sem Promocao,Smartphone,[471.1],471.1,471.1,471.1,0.0,0.0,samsung,galaxy_s,8,galaxy_s 8,prata,,,20181013
fnac,Sem Promocao,Smartphone,"[649.99, 819.99]",649.99,819.99,734.99,85.0,20.73196014585544,samsung,galaxy_s,8,galaxy_s 8,prateado,,,20181013
fnac,Sem Promocao,Smartphone,[469.9],469.9,469.9,469.9,0.0,0.0,samsung,galaxy_s,8,galaxy_s 8,preto,,,20181013
fnac,Sem Promocao,Smartphone,[516.89],516.89,516.89,516.89,0.0,0.0,samsung,galaxy_s,8,galaxy_s 8,azul,64.0,,20181013
fnac,Sem Promocao,Smartphone,[438.1],438.1,438.1,438.1,0.0,0.0,samsung,galaxy_s,8,galaxy_s 8,azul,64.0,,20181013
fnac,Sem Promocao,Smartphone,[533.49],533.49,533.49,533.49,0.0,0.0,samsung,galaxy_s,8,galaxy_s 8,preto,64.0,,20181013
fnac,Sem Promocao,Smartphone,[444.8],444.8,444.8,444.8,0.0,0.0,samsung,galaxy_s,8,galaxy_s 8,prata,,4.0,20181013
fnac,Sem Promocao,Smartphone,[458.89],458.89,458.89,458.89,0.0,0.0,samsung,galaxy_s,8,galaxy_s 8,azul,,4.0,20181013
fnac,Sem Promocao,Smartphone,[478.0],478.0,478.0,478.0,0.0,0.0,samsung,galaxy_s,8,galaxy_s 8,prata,,4.0,20181013
fnac,Sem Promocao,Smartphone,[583.0],583.0,583.0,583.0,0.0,0.0,samsung,galaxy_s,8,galaxy_s 8,azul,,4.0,20181013
fnac,Sem Promocao,Smartphone,[475.99],475.99,475.99,475.99,0.0,0.0,samsung,galaxy_s,8,galaxy_s 8,prata,,4.0,20181013
fnac,Sem Promocao,Consola,[219.94],219.94,219.94,219.94,0.0,0.0,xbox,one,,one,,,,20181013
fnac,Sem Promocao,Consola,[399.3],399.3,399.3,399.3,0.0,0.0,xbox,one,,one,,,,20181013
fnac,Sem Promocao,Smartphone,[1049.99],1049.99,1049.99,1049.99,0.0,0.0,apple,iphone,xr,iphone xr,azul,256.0,,20181107
fnac,Sem Promocao,Smartphone,[1349.99],1349.99,1349.99,1349.99,0.0,0.0,apple,iphone,xs,iphone xs,dourado,256.0,,20181107
fnac,Sem Promocao,Smartphone,[1179.99],1179.99,1179.99,1179.99,0.0,0.0,apple,iphone,xs,iphone xs,prateado,64.0,,20181107
fnac,Sem Promocao,Smartphone,[599.99],599.99,599.99,599.99,0.0,0.0,huawei,p,20,p 20,preto,128.0,,20190422
fnac,Sem Promocao,Smartphone,[799.99],799.99,799.99,799.99,0.0,0.0,huawei,p,20,p 20,preto,128.0,,20190422
fnac,Sem Promocao,Smartphone,[939.99],939.99,939.99,939.99,0.0,0.0,apple,iphone,xr,iphone xr,preto,128.0,,20190423
fnac,Sem Promocao,Smartphone,[846.87],846.87,846.87,846.87,0.0,0.0,apple,iphone,xr,iphone xr,vermelho,128.0,,20190423
fnac,Sem Promocao,Smartphone,[796.0],796.0,796.0,796.0,0.0,0.0,apple,iphone,xr,iphone xr,vermelho,128.0,,20190423
fnac,Sem Promocao,Smartphone,[1049.99],1049.99,1049.99,1049.99,0.0,0.0,apple,iphone,xr,iphone xr,dourado,256.0,,20190423
fnac,Sem Promocao,Smartphone,[1049.99],1049.99,1049.99,1049.99,0.0,0.0,apple,iphone,xr,iphone xr,azul,256.0,,20190423
fnac,Sem Promocao,Smartphone,[979.99],979.99,979.99,979.99,0.0,0.0,apple,iphone,xr,iphone xr,vermelho,256.0,,20190423
fnac,Sem Promocao,Smartphone,[1060.7],1060.7,1060.7,1060.7,0.0,0.0,apple,iphone,xr,iphone xr,vermelho,256.0,,20190423
fnac,Sem Promocao,Smartphone,[879.99],879.99,879.99,879.99,0.0,0.0,apple,iphone,xr,iphone xr,dourado,64.0,,20190423
fnac,Sem Promocao,Smartphone,[879.99],879.99,879.99,879.99,0.0,0.0,apple,iphone,xr,iphone xr,branco,64.0,,20190423
fnac,Sem Promocao,Smartphone,[879.99],879.99,879.99,879.99,0.0,0.0,apple,iphone,xr,iphone xr,preto,64.0,,20190423
fnac,Sem Promocao,Smartphone,[879.99],879.99,879.99,879.99,0.0,0.0,apple,iphone,xr,iphone xr,vermelho,64.0,,20190423
fnac,Sem Promocao,Smartphone,[769.0],769.0,769.0,769.0,0.0,0.0,apple,iphone,xr,iphone xr,vermelho,64.0,,20190423
fnac,Sem Promocao,Smartphone,[1484.8],1484.8,1484.8,1484.8,0.0,0.0,apple,iphone,xs,iphone xs,prata,256.0,,20190423
fnac,Sem Promocao,Smartphone,[1349.99],1349.99,1349.99,1349.99,0.0,0.0,apple,iphone,xs,iphone xs,prata,256.0,,20190423
fnac,Sem Promocao,Smartphone,[1349.99],1349.99,1349.99,1349.99,0.0,0.0,apple,iphone,xs,iphone xs,dourado,256.0,,20190423
fnac,Sem Promocao,Smartphone,[1349.99],1349.99,1349.99,1349.99,0.0,0.0,apple,iphone,xs,iphone xs,prateado,256.0,,20190423
fnac,Sem Promocao,Smartphone,[1309.88],1309.88,1309.88,1309.88,0.0,0.0,apple,iphone,xs,iphone xs,prata,512.0,,20190423
fnac,Sem Promocao,Smartphone,[1240.0],1240.0,1240.0,1240.0,0.0,0.0,apple,iphone,xs,iphone xs,prata,512.0,,20190423
fnac,Sem Promocao,Smartphone,[1579.99],1579.99,1579.99,1579.99,0.0,0.0,apple,iphone,xs,iphone xs,dourado,512.0,,20190423
fnac,Sem Promocao,Smartphone,[1579.99],1579.99,1579.99,1579.99,0.0,0.0,apple,iphone,xs,iphone xs,prateado,512.0,,20190423
fnac,Sem Promocao,Smartphone,[1006.73],1006.73,1006.73,1006.73,0.0,0.0,apple,iphone,xs,iphone xs,prata,64.0,,20190423
fnac,Sem Promocao,Smartphone,[1179.99],1179.99,1179.99,1179.99,0.0,0.0,apple,iphone,xs,iphone xs,prata,64.0,,20190423
fnac,Sem Promocao,Smartphone,[1179.99],1179.99,1179.99,1179.99,0.0,0.0,apple,iphone,xs,iphone xs,dourado,64.0,,20190423
fnac,Sem Promocao,Smartphone,[1179.99],1179.99,1179.99,1179.99,0.0,0.0,apple,iphone,xs,iphone xs,prateado,64.0,,20190423
fnac,Sem Promocao,Smartphone,[1482.1],1482.1,1482.1,1482.1,0.0,0.0,apple,iphone,xs,iphone xs,prata,256.0,,20190423
fnac,Sem Promocao,Smartphone,[1285.61],1285.61,1285.61,1285.61,0.0,0.0,apple,iphone,xs,iphone xs,dourado,256.0,,20190423
fnac,Sem Promocao,Smartphone,[1250.21],1250.21,1250.21,1250.21,0.0,0.0,apple,iphone,xs,iphone xs,prateado,256.0,,20190423
fnac,Sem Promocao,Smartphone,[1565.0],1565.0,1565.0,1565.0,0.0,0.0,apple,iphone,xs,iphone xs,prata,512.0,,20190423
fnac,Sem Promocao,Smartphone,[1795.9],1795.9,1795.9,1795.9,0.0,0.0,apple,iphone,xs,iphone xs,dourado,512.0,,20190423
fnac,Sem Promocao,Smartphone,[1565.0],1565.0,1565.0,1565.0,0.0,0.0,apple,iphone,xs,iphone xs,prateado,512.0,,20190423
fnac,Sem Promocao,Smartphone,[1096.0],1096.0,1096.0,1096.0,0.0,0.0,apple,iphone,xs,iphone xs,prata,64.0,,20190423
fnac,Sem Promocao,Smartphone,[1129.85],1129.85,1129.85,1129.85,0.0,0.0,apple,iphone,xs,iphone xs,dourado,64.0,,20190423
fnac,Sem Promocao,Smartphone,[1117.88],1117.88,1117.88,1117.88,0.0,0.0,apple,iphone,xs,iphone xs,prateado,64.0,,20190423
fnac,Sem Promocao,Smartphone,[1449.99],1449.99,1449.99,1449.99,0.0,0.0,apple,iphone,xs,iphone xs,prata,256.0,,20190423
fnac,Sem Promocao,Smartphone,[1449.99],1449.99,1449.99,1449.99,0.0,0.0,apple,iphone,xs,iphone xs,dourado,256.0,,20190423
fnac,Sem Promocao,Smartphone,[1449.99],1449.99,1449.99,1449.99,0.0,0.0,apple,iphone,xs,iphone xs,prateado,256.0,,20190423
fnac,Sem Promocao,Smartphone,[1679.99],1679.99,1679.99,1679.99,0.0,0.0,apple,iphone,xs,iphone xs,prata,512.0,,20190423
fnac,Sem Promocao,Smartphone,[1679.99],1679.99,1679.99,1679.99,0.0,0.0,apple,iphone,xs,iphone xs,dourado,512.0,,20190423
fnac,Sem Promocao,Smartphone,[1679.99],1679.99,1679.99,1679.99,0.0,0.0,apple,iphone,xs,iphone xs,prateado,512.0,,20190423
fnac,Sem Promocao,Smartphone,[1279.99],1279.99,1279.99,1279.99,0.0,0.0,apple,iphone,xs,iphone xs,prata,64.0,,20190423
fnac,Sem Promocao,Smartphone,[1279.99],1279.99,1279.99,1279.99,0.0,0.0,apple,iphone,xs,iphone xs,dourado,64.0,,20190423
fnac,Sem Promocao,Smartphone,[1279.99],1279.99,1279.99,1279.99,0.0,0.0,apple,iphone,xs,iphone xs,prateado,64.0,,20190423
fnac,Saldos Verao,Smartphone,"[349.99, 379.99]",349.99,379.99,364.99,15.0,7.894944603805364,huawei,p,30,p 30,preto,128.0,,20190906
fnac,Black Friday,Smartphone,"[749.99, 849.99]",749.99,849.99,799.99,50.0,11.764844292285792,samsung,galaxy_s,10,galaxy_s 10,branco,128.0,,20191118
fnac,Black Friday,Smartphone,"[749.99, 849.99]",749.99,849.99,799.99,50.0,11.764844292285792,samsung,galaxy_s,10,galaxy_s 10,prateado,128.0,,20191118
fnac,Black Friday,Smartphone,"[749.99, 849.99]",749.99,849.99,799.99,50.0,11.764844292285792,samsung,galaxy_s,10,galaxy_s 10,preto,128.0,,20191118
fnac,Sem Promocao,Smartphone,[649.98],649.98,649.98,649.98,0.0,0.0,samsung,galaxy_s,10,galaxy_s 10,verde,128.0,,20191118
fnac,Black Friday,Smartphone,"[849.99, 949.99]",849.99,949.99,899.99,50.0,10.526426593964148,samsung,galaxy_s,10,galaxy_s 10,branco,512.0,,20191118
fnac,Black Friday,Smartphone,"[849.99, 949.99]",849.99,949.99,899.99,50.0,10.526426593964148,samsung,galaxy_s,10,galaxy_s 10,preto,512.0,,20191118
fnac,Black Friday,Smartphone,"[1549.99, 1599.99]",1549.99,1599.99,1574.99,25.0,3.1250195313720712,samsung,galaxy_s,10,galaxy_s 10,branco,,,20191118
fnac,Black Friday,Smartphone,"[1549.99, 1599.99]",1549.99,1599.99,1574.99,25.0,3.1250195313720712,samsung,galaxy_s,10,galaxy_s 10,preto,,,20191118
fnac,Black Friday,Smartphone,"[1149.99, 1199.99]",1149.99,1199.99,1174.99,25.0,4.166701389178243,samsung,galaxy_s,10,galaxy_s 10,branco,512.0,,20191118
fnac,Black Friday,Smartphone,"[1149.99, 1199.99]",1149.99,1199.99,1174.99,25.0,4.166701389178243,samsung,galaxy_s,10,galaxy_s 10,preto,512.0,,20191118
fnac,Black Friday,Smartphone,"[899.99, 949.99]",899.99,949.99,924.99,25.0,5.263213296982074,samsung,galaxy_s,10,galaxy_s 10,branco,128.0,,20191118
fnac,Black Friday,Smartphone,"[899.99, 949.99]",899.99,949.99,924.99,25.0,5.263213296982074,samsung,galaxy_s,10,galaxy_s 10,prateado,128.0,,20191118
fnac,Black Friday,Smartphone,"[899.99, 949.99]",899.99,949.99,924.99,25.0,5.263213296982074,samsung,galaxy_s,10,galaxy_s 10,preto,128.0,,20191118
fnac,Black Friday,Smartphone,"[899.99, 949.99]",899.99,949.99,924.99,25.0,5.263213296982074,samsung,galaxy_s,10,galaxy_s 10,verde,128.0,,20191118
fnac,Sem Promocao,Smartphone,[500.85],500.85,500.85,500.85,0.0,0.0,samsung,galaxy_s,10,galaxy_s 10,dourado,,,20191118
fnac,Black Friday,Smartphone,"[679.99, 699.99]",679.99,699.99,689.99,10.0,2.8571836740524863,samsung,galaxy_s,10,galaxy_s 10,branco,,,20191118
fnac,Black Friday,Smartphone,"[679.99, 699.99]",679.99,699.99,689.99,10.0,2.8571836740524863,samsung,galaxy_s,10,galaxy_s 10,preto,,,20191118
fnac,Sem Promocao,Smartphone,[500.85],500.85,500.85,500.85,0.0,0.0,samsung,galaxy_s,10,galaxy_s 10,branco,128.0,,20191118
fnac,Black Friday,Computador,[1769.0],1769.0,1769.0,1769.0,0.0,0.0,apple,macbook,air,macbook air,prateado,,16.0,20191129
fnac,Black Friday,Computador,"[999.0, 1279.0]",999.0,1279.0,1139.0,140.0,21.8921032056294,apple,macbook,air,macbook air,prata,,8.0,20191129
fnac,Black Friday,Computador,"[999.0, 1279.0]",999.0,1279.0,1139.0,140.0,21.8921032056294,apple,macbook,air,macbook air,prateado,,8.0,20191129
fnac,Black Friday,Computador,"[1289.0, 1529.0]",1289.0,1529.0,1409.0,120.0,15.696533682145192,apple,macbook,air,macbook air,prata,,8.0,20191129
fnac,Black Friday,Computador,[1789.0],1789.0,1789.0,1789.0,0.0,0.0,apple,macbook,pro,macbook pro,prata,,16.0,20191129
fnac,Black Friday,Computador,"[1729.0, 2039.0]",1729.0,2039.0,1884.0,155.0,15.20353114271702,apple,macbook,pro,macbook pro,prata,,16.0,20191129
fnac,Black Friday,Computador,"[1199.0, 1549.0]",1199.0,1549.0,1374.0,175.0,22.59522272433828,apple,macbook,pro,macbook pro,prata,,8.0,20191129
fnac,Black Friday,Computador,"[1199.0, 1549.0]",1199.0,1549.0,1374.0,175.0,22.59522272433828,apple,macbook,pro,macbook pro,prateado,,8.0,20191129
fnac,Black Friday,Computador,[1799.0],1799.0,1799.0,1799.0,0.0,0.0,apple,macbook,pro,macbook pro,prata,,8.0,20191129
fnac,Black Friday,Computador,[2339.0],2339.0,2339.0,2339.0,0.0,0.0,apple,macbook,pro,macbook pro,prata,,16.0,20191129
fnac,Black Friday,Computador,[2339.0],2339.0,2339.0,2339.0,0.0,0.0,apple,macbook,pro,macbook pro,prateado,,16.0,20191129
fnac,Black Friday,Computador,"[1784.0, 2099.0]",1784.0,2099.0,1941.5,157.5,15.007146260123868,apple,macbook,pro,macbook pro,prateado,,8.0,20191129
fnac,Black Friday,Computador,[2949.0],2949.0,2949.0,2949.0,0.0,0.0,apple,macbook,pro,macbook pro,prata,,16.0,20191129
fnac,Black Friday,Computador,[2459.0],2459.0,2459.0,2459.0,0.0,0.0,apple,macbook,pro,macbook pro,prata,,8.0,20191129
fnac,Black Friday,Computador,"[2349.0, 3040.27]",2349.0,3040.27,2694.635,345.635,22.73712532110635,apple,macbook,pro,macbook pro,prata,,16.0,20191129
fnac,Black Friday,Computador,[2559.99],2559.99,2559.99,2559.99,0.0,0.0,apple,macbook,pro,macbook pro,prata,,16.0,20191129
fnac,Black Friday,Computador,[3299.0],3299.0,3299.0,3299.0,0.0,0.0,apple,macbook,pro,macbook pro,prateado,,16.0,20191129
fnac,Black Friday,Computador,[3159.0],3159.0,3159.0,3159.0,0.0,0.0,apple,macbook,pro,macbook pro,prata,,16.0,20191129
fnac,Black Friday,Tablet,"[295.0, 369.0]",295.0,369.0,332.0,37.0,20.05420054200542,apple,ipad,32,ipad 32,prata,,32.0,20191129
fnac,Black Friday,Tablet,[749.0],749.0,749.0,749.0,0.0,0.0,apple,ipad,air,ipad air,prata,256.0,,20191129
fnac,Black Friday,Tablet,[579.0],579.0,579.0,579.0,0.0,0.0,apple,ipad,air,ipad air,prata,64.0,,20191129
fnac,Black Friday,Tablet,[1299.0],1299.0,1299.0,1299.0,0.0,0.0,apple,ipad,pro,ipad pro,prata,256.0,,20191129
fnac,Black Friday,Tablet,[1079.0],1079.0,1079.0,1079.0,0.0,0.0,apple,ipad,pro,ipad pro,prata,256.0,,20191129
fnac,Black Friday,Tablet,"[799.0, 909.0]",799.0,909.0,854.0,55.0,12.101210121012102,apple,ipad,pro,ipad pro,prata,64.0,,20191129
fnac,Black Friday,Smartphone,[793.99],793.99,793.99,793.99,0.0,0.0,apple,iphone,11,iphone 11,preto,128.0,,20191129
fnac,Black Friday,Smartphone,[829.99],829.99,829.99,829.99,0.0,0.0,apple,iphone,11,iphone 11,preto,64.0,,20191129
fnac,Black Friday,Smartphone,[1062.0],1062.0,1062.0,1062.0,0.0,0.0,apple,iphone,11,iphone 11,prata,64.0,,20191129
fnac,Black Friday,Smartphone,"[349.99, 449.99]",349.99,449.99,399.99,50.0,22.22271606035689,apple,iphone,7,iphone 7,dourado,,32.0,20191129
fnac,Black Friday,Smartphone,"[349.99, 449.99]",349.99,449.99,399.99,50.0,22.22271606035689,apple,iphone,7,iphone 7,prateado,,32.0,20191129
fnac,Black Friday,Smartphone,"[349.99, 449.99]",349.99,449.99,399.99,50.0,22.22271606035689,apple,iphone,7,iphone 7,preto,,32.0,20191129
fnac,Black Friday,Smartphone,"[349.99, 449.99]",349.99,449.99,399.99,50.0,22.22271606035689,apple,iphone,7,iphone 7,dourado,,32.0,20191129
fnac,Black Friday,Smartphone,"[499.99, 549.99]",499.99,549.99,524.99,25.0,9.091074383170602,apple,iphone,8,iphone 8,prata,64.0,,20191129
fnac,Black Friday,Smartphone,"[499.99, 549.99]",499.99,549.99,524.99,25.0,9.091074383170602,apple,iphone,8,iphone 8,dourado,64.0,,20191129
fnac,Black Friday,Smartphone,"[499.99, 549.99]",499.99,549.99,524.99,25.0,9.091074383170602,apple,iphone,8,iphone 8,prateado,64.0,,20191129
fnac,Black Friday,Smartphone,[610.0],610.0,610.0,610.0,0.0,0.0,apple,iphone,xr,iphone xr,branco,64.0,,20191129
fnac,Black Friday,Smartphone,[610.0],610.0,610.0,610.0,0.0,0.0,apple,iphone,xr,iphone xr,preto,64.0,,20191129
fnac,Black Friday,Smartphone,"[829.99, 1069.99]",829.99,1069.99,949.99,120.0,22.430116169309997,apple,iphone,xs,iphone xs,prata,64.0,,20191129
fnac,Black Friday,Smartphone,"[829.99, 1069.99]",829.99,1069.99,949.99,120.0,22.430116169309997,apple,iphone,xs,iphone xs,dourado,64.0,,20191129
fnac,Black Friday,Smartphone,"[829.99, 1069.99]",829.99,1069.99,949.99,120.0,22.430116169309997,apple,iphone,xs,iphone xs,prateado,64.0,,20191129
fnac,Black Friday,Smartphone,"[279.99, 329.99]",279.99,329.99,304.99,25.0,15.151974302251585,apple,iphone,7,iphone 7,prateado,,32.0,20191129
fnac,Black Friday,Computador,[349.99],349.99,349.99,349.99,0.0,0.0,acer,swift,1,swift 1,,,,20191129
fnac,Black Friday,Computador,[799.99],799.99,799.99,799.99,0.0,0.0,acer,swift,3,swift 3,,,,20191129
fnac,Black Friday,Computador,[1099.99],1099.99,1099.99,1099.99,0.0,0.0,acer,nitro,5,nitro 5,,,,20191129
fnac,Black Friday,Computador,[1399.99],1399.99,1399.99,1399.99,0.0,0.0,hp,pavilion,17,pavilion 17,,,,20191129
fnac,Black Friday,Computador,[1499.99],1499.99,1499.99,1499.99,0.0,0.0,hp,envy,17,envy 17,,,,20191129
fnac,Black Friday,Computador,[1149.99],1149.99,1149.99,1149.99,0.0,0.0,hp,pavilion,15,pavilion 15,,,,20191129
fnac,Black Friday,Computador,[421.07],421.07,421.07,421.07,0.0,0.0,lenovo,yoga,330,yoga 330,,,4.0,20191129
fnac,Black Friday,Consola,[499.99],499.99,499.99,499.99,0.0,0.0,sony,ps4 pro,,ps4 pro,,,,20191129
fnac,Black Friday,Consola,[429.99],429.99,429.99,429.99,0.0,0.0,sony,ps4 pro,,ps4 pro,,,,20191129
fnac,Black Friday,Consola,[338.0],338.0,338.0,338.0,0.0,0.0,sony,ps4 pro,,ps4 pro,,,,20191129
fnac,Black Friday,Consola,"[249.0, 349.99]",249.0,349.99,299.495,50.495000000000005,28.855110146004176,sony,ps4 slim,,ps4 slim,,,,20191129
fnac,Black Friday,Consola,"[249.0, 349.99]",249.0,349.99,299.495,50.495000000000005,28.855110146004176,sony,ps4 slim,,ps4 slim,,,,20191129
fnac,Black Friday,Consola,[229.0],229.0,229.0,229.0,0.0,0.0,sony,ps4 slim,,ps4 slim,,500.0,,20191129
fnac,Black Friday,Consola,"[195.49, 229.99]",195.49,229.99,212.74,17.25,15.000652202269665,xbox,one,,one,,,,20191129
fnac,Black Friday,Consola,"[59.49, 69.99]",59.49,69.99,64.74,5.2499999999999964,15.002143163309034,xbox,one,,one,,,,20191129
fnac,Black Friday,Consola,"[59.49, 69.99]",59.49,69.99,64.74,5.2499999999999964,15.002143163309034,xbox,one,,one,,,,20191129
fnac,Black Friday,Consola,[89.99],89.99,89.99,89.99,0.0,0.0,xbox,one,,one,,,,20191129
fnac,Black Friday,Consola,"[49.99, 69.99]",49.99,69.99,59.99,9.999999999999996,28.575510787255315,xbox,one,,one,,,,20191129
fnac,Black Friday,Consola,"[59.49, 69.99]",59.49,69.99,64.74,5.2499999999999964,15.002143163309034,xbox,one,,one,,,,20191129
fnac,Black Friday,Consola,"[59.5, 70.0]",59.5,70.0,64.75,5.25,15.0,xbox,one,,one,,,,20191129
fnac,Black Friday,Consola,[39.99],39.99,39.99,39.99,0.0,0.0,xbox,one,,one,,,,20191129
fnac,Black Friday,Consola,"[39.99, 49.99]",39.99,49.99,44.99,5.0,20.004000800160032,xbox,one,,one,,,,20191129
fnac,Black Friday,Consola,"[59.49, 69.99]",59.49,69.99,64.74,5.2499999999999964,15.002143163309034,xbox,one,,one,,,,20191129
fnac,Black Friday,Consola,"[50.99, 69.99]",50.99,69.99,60.49,9.499999999999996,27.14673524789255,xbox,one,,one,,,,20191129
fnac,Black Friday,Consola,"[30.99, 39.99]",30.99,39.99,35.49,4.500000000000002,22.50562640660166,xbox,one,,one,,,,20191129
fnac,Black Friday,Consola,[71.99],71.99,71.99,71.99,0.0,0.0,xbox,one,,one,,,,20191129
fnac,Black Friday,Consola,"[59.99, 119.99]",59.99,119.99,89.99,30.0,50.00416701391782,xbox,one,,one,,,,20191129
fnac,Black Friday,Consola,"[34.99, 69.99]",34.99,69.99,52.49,17.499999999999996,50.007143877696805,xbox,one,,one,,,,20191129
fnac,Black Friday,Consola,"[49.99, 99.99]",49.99,99.99,74.99,25.0,50.00500050005,xbox,one,,one,dourado,,,20191129
fnac,Black Friday,Consola,"[84.99, 99.99]",84.99,99.99,92.49,7.5,15.001500150015,xbox,one,,one,dourado,,,20191129
fnac,Black Friday,Consola,"[59.49, 69.99]",59.49,69.99,64.74,5.2499999999999964,15.002143163309034,xbox,one,,one,,,,20191129
fnac,Black Friday,Consola,"[101.99, 119.99]",101.99,119.99,110.99,9.0,15.001250104175348,xbox,one,,one,,,,20191129
fnac,Black Friday,Consola,"[59.49, 69.99]",59.49,69.99,64.74,5.2499999999999964,15.002143163309034,xbox,one,,one,,,,20191129
fnac,Sem Promocao,Smartphone,[1049.99],1049.99,1049.99,1049.99,0.0,0.0,huawei,p,40,p 40,prata,256.0,,20201130
fnac,Sem Promocao,Smartphone,[1049.99],1049.99,1049.99,1049.99,0.0,0.0,huawei,p,40,p 40,prata,256.0,,20201201
pcdiga,Sem Promocao,Smartphone,[39.9],39.9,39.9,39.9,0.0,0.0,samsung,galaxy_s,8,galaxy_s 8,,,,20181102
pcdiga,Sem Promocao,Smartphone,[44.9],44.9,44.9,44.9,0.0,0.0,samsung,galaxy_s,8,galaxy_s 8,,,,20181102
pcdiga,Sem Promocao,Smartphone,[1179.0],1179.0,1179.0,1179.0,0.0,0.0,apple,iphone,xs,iphone xs,prateado,64.0,,20181107
pcdiga,Sem Promocao,Smartphone,[619.0],619.0,619.0,619.0,0.0,0.0,apple,iphone,8,iphone 8,prateado,64.0,,20190325
pcdiga,Sem Promocao,Smartphone,[1199.0],1199.0,1199.0,1199.0,0.0,0.0,apple,iphone,x ,iphone x ,prateado,256.0,,20190325
pcdiga,Sem Promocao,Smartphone,[999.0],999.0,999.0,999.0,0.0,0.0,apple,iphone,x ,iphone x ,prateado,64.0,,20190325
pcdiga,Sem Promocao,Smartphone,[1349.0],1349.0,1349.0,1349.0,0.0,0.0,apple,iphone,xs,iphone xs,prateado,256.0,,20190325
pcdiga,Sem Promocao,Smartphone,[459.9],459.9,459.9,459.9,0.0,0.0,xiaomi,mi,9,mi 9,preto,,6.0,20190902
pcdiga,Sem Promocao,Smartphone,[409.9],409.9,409.9,409.9,0.0,0.0,xiaomi,mi,9,mi 9,preto,,6.0,20190902
pcdiga,Black Friday,Smartphone,[439.9],439.9,439.9,439.9,0.0,0.0,xiaomi,mi,10,mi 10,preto,,6.0,20201127
pcdiga,Black Friday,Smartphone,[439.0],439.0,439.0,439.0,0.0,0.0,xiaomi,mi,10,mi 10,prata,,6.0,20201127
pcdiga,Black Friday,Smartphone,[319.9],319.9,319.9,319.9,0.0,0.0,xiaomi,mi,10,mi 10,azul,,6.0,20201127
pcdiga,Black Friday,Smartphone,[319.9],319.9,319.9,319.9,0.0,0.0,xiaomi,mi,10,mi 10,prata,,6.0,20201127
pcdiga,Black Friday,Smartphone,[319.9],319.9,319.9,319.9,0.0,0.0,xiaomi,mi,10,mi 10,dourado,,6.0,20201127
pcdiga,Black Friday,Smartphone,[329.0],329.0,329.0,329.0,0.0,0.0,xiaomi,mi,10,mi 10,azul,,6.0,20201127
pcdiga,Black Friday,Smartphone,[329.0],329.0,329.0,329.0,0.0,0.0,xiaomi,mi,10,mi 10,prata,,6.0,20201127
pcdiga,Black Friday,Smartphone,[329.0],329.0,329.0,329.0,0.0,0.0,xiaomi,mi,10,mi 10,dourado,,6.0,20201127
pcdiga,Black Friday,Smartphone,[599.0],599.0,599.0,599.0,0.0,0.0,xiaomi,mi,10,mi 10,prata,,8.0,20201127
pcdiga,Black Friday,Smartphone,[649.0],649.0,649.0,649.0,0.0,0.0,xiaomi,mi,10,mi 10,prata,,8.0,20201127
pcdiga,Sem Promocao,Smartphone,[929.9],929.9,929.9,929.9,0.0,0.0,samsung,galaxy_s,20,galaxy_s 20,azul,,8.0,20201130
pcdiga,Sem Promocao,Smartphone,[929.9],929.9,929.9,929.9,0.0,0.0,samsung,galaxy_s,20,galaxy_s 20,azul,,8.0,20201201
worten,Sem Promocao,Consola,[49.99],49.99,49.99,49.99,0.0,0.0,xbox,one,,one,,,,20141022
worten,Sem Promocao,Smartphone,[829.99],829.99,829.99,829.99,0.0,0.0,apple,iphone,8,iphone 8,dourado,64.0,,20180720
worten,Sem Promocao,Smartphone,[829.99],829.99,829.99,829.99,0.0,0.0,apple,iphone,8,iphone 8,prateado,64.0,,20180720
worten,Sem Promocao,Smartphone,[1179.0],1179.0,1179.0,1179.0,0.0,0.0,apple,iphone,x ,iphone x ,prateado,64.0,,20180720
worten,Saldos Verao,Smartphone,"[579.99, 699.99]",579.99,699.99,639.99,60.0,17.14310204431492,huawei,p,20,p 20,preto,128.0,,20180720
worten,Sem Promocao,Smartphone,[869.99],869.99,869.99,869.99,0.0,0.0,samsung,galaxy_s,9,galaxy_s 9,azul,64.0,,20180720
worten,Sem Promocao,Smartphone,[969.99],969.99,969.99,969.99,0.0,0.0,samsung,galaxy_s,9,galaxy_s 9,azul,64.0,,20180720
worten,Saldos Verao,Smartphone,"[599.99, 719.99]",599.99,719.99,659.99,60.0,16.666898151363213,samsung,galaxy_s,8,galaxy_s 8,preto,64.0,,20180825
worten,Sem Promocao,Consola,[439.99],439.99,439.99,439.99,0.0,0.0,sony,ps4 pro,,ps4 pro,vermelho,,,20181109
worten,Sem Promocao,Consola,[399.99],399.99,399.99,399.99,0.0,0.0,sony,ps4 pro,,ps4 pro,,,,20181109
worten,Sem Promocao,Consola,[379.99],379.99,379.99,379.99,0.0,0.0,sony,ps4 slim,,ps4 slim,,,,20181109
worten,Sem Promocao,Consola,[349.99],349.99,349.99,349.99,0.0,0.0,sony,ps4 slim,,ps4 slim,,,,20181109
worten,Sem Promocao,Consola,[379.99],379.99,379.99,379.99,0.0,0.0,sony,ps4 slim,,ps4 slim,,,,20181109
worten,Sem Promocao,Consola,[299.99],299.99,299.99,299.99,0.0,0.0,sony,ps4 slim,,ps4 slim,,500.0,,20181109
worten,Sem Promocao,Consola,[299.99],299.99,299.99,299.99,0.0,0.0,sony,ps4 slim,,ps4 slim,,500.0,,20181109
worten,Sem Promocao,Consola,[89.99],89.99,89.99,89.99,0.0,0.0,xbox,one,,one,,,,20181109
worten,Sem Promocao,Smartphone,[1179.0],1179.0,1179.0,1179.0,0.0,0.0,apple,iphone,xs,iphone xs,prateado,64.0,,20181109
worten,Sem Promocao,Smartphone,[1049.0],1049.0,1049.0,1049.0,0.0,0.0,huawei,mate,20,mate 20,preto,128.0,,20181109
worten,Sem Promocao,Consola,[249.99],249.99,249.99,249.99,0.0,0.0,xbox,one,,one,,,,20181109
worten,Black Friday,Consola,[149.0],149.0,149.0,149.0,0.0,0.0,xbox,one,s,one s,,,,20181123
worten,Black Friday,Computador,[499.99],499.99,499.99,499.99,0.0,0.0,lenovo,ideapad,330,ideapad 330,,,,20181123
worten,Black Friday,Computador,[799.99],799.99,799.99,799.99,0.0,0.0,lenovo,yoga,530,yoga 530,,,,20181123
worten,Black Friday,Smartphone,[449.99],449.99,449.99,449.99,0.0,0.0,samsung,galaxy_s,8,galaxy_s 8,preto,64.0,,20181123
worten,Black Friday,Smartphone,[179.99],179.99,179.99,179.99,0.0,0.0,apple,iphone,6,iphone 6,prata,,16.0,20181123
worten,Black Friday,Smartphone,[259.99],259.99,259.99,259.99,0.0,0.0,apple,iphone,6,iphone 6,dourado,64.0,,20181123
worten,Black Friday,Smartphone,[259.99],259.99,259.99,259.99,0.0,0.0,apple,iphone,6,iphone 6,prateado,64.0,,20181123
worten,Black Friday,Smartphone,[249.99],249.99,249.99,249.99,0.0,0.0,apple,iphone,6,iphone 6,prata,,16.0,20181123
worten,Black Friday,Smartphone,[249.99],249.99,249.99,249.99,0.0,0.0,apple,iphone,6,iphone 6,prateado,,16.0,20181123
worten,Black Friday,Smartphone,[249.99],249.99,249.99,249.99,0.0,0.0,apple,iphone,6,iphone 6,dourado,,16.0,20181123
worten,Black Friday,Smartphone,[319.99],319.99,319.99,319.99,0.0,0.0,apple,iphone,6,iphone 6,dourado,64.0,,20181123
worten,Black Friday,Smartphone,[449.99],449.99,449.99,449.99,0.0,0.0,apple,iphone,7,iphone 7,preto,128.0,,20181123
worten,Black Friday,Smartphone,[559.99],559.99,559.99,559.99,0.0,0.0,apple,iphone,7,iphone 7,preto,128.0,,20181123
worten,Black Friday,Smartphone,[579.99],579.99,579.99,579.99,0.0,0.0,apple,iphone,8,iphone 8,dourado,64.0,,20181123
worten,Black Friday,Smartphone,[199.99],199.99,199.99,199.99,0.0,0.0,apple,iphone,se,iphone se,dourado,,16.0,20181123
worten,Black Friday,Smartphone,[199.99],199.99,199.99,199.99,0.0,0.0,apple,iphone,se,iphone se,prateado,,16.0,20181123
worten,Black Friday,Smartphone,[199.99],199.99,199.99,199.99,0.0,0.0,apple,iphone,se,iphone se,dourado,,16.0,20181123
worten,Sem Promocao,Consola,[399.99],399.99,399.99,399.99,0.0,0.0,sony,ps4 pro,,ps4 pro,,,,20190130
worten,Sem Promocao,Consola,[376.09],376.09,376.09,376.09,0.0,0.0,sony,ps4 slim,,ps4 slim,,500.0,,20190130
worten,Sem Promocao,Consola,[598.0],598.0,598.0,598.0,0.0,0.0,sony,ps4 slim,,ps4 slim,,500.0,,20190130
worten,Sem Promocao,Consola,[323.16],323.16,323.16,323.16,0.0,0.0,sony,ps4 slim,,ps4 slim,,500.0,,20190130
worten,Saldos Verao,Smartphone,"[849.99, 999.99]",849.99,999.99,924.99,75.0,15.000150001500016,huawei,p,30,p 30,preto,,8.0,20190902
worten,Sem Promocao,Consola,[150.0],150.0,150.0,150.0,0.0,0.0,xbox,one,s,one s,,,,20191121
worten,Sem Promocao,Consola,[229.99],229.99,229.99,229.99,0.0,0.0,xbox,one,s,one s,,,,20191121
worten,Sem Promocao,Consola,[368.56],368.56,368.56,368.56,0.0,0.0,xbox,one,s,one s,branco,500.0,,20191121
worten,Sem Promocao,Consola,[302.2],302.2,302.2,302.2,0.0,0.0,xbox,one,s,one s,branco,,,20191121
worten,Sem Promocao,Consola,[289.99],289.99,289.99,289.99,0.0,0.0,xbox,one,s,one s,branco,,,20191121
worten,Sem Promocao,Consola,[404.69],404.69,404.69,404.69,0.0,0.0,xbox,one,s,one s,branco,,,20191121
worten,Sem Promocao,Consola,[377.11],377.11,377.11,377.11,0.0,0.0,xbox,one,s,one s,branco,500.0,,20191121
worten,Sem Promocao,Consola,[420.91],420.91,420.91,420.91,0.0,0.0,xbox,one,x,one x,branco,,,20191121
worten,Sem Promocao,Consola,[499.99],499.99,499.99,499.99,0.0,0.0,xbox,one,x,one x,,,,20191121
worten,Sem Promocao,Consola,[727.87],727.87,727.87,727.87,0.0,0.0,xbox,one,x,one x,preto,,,20191121
worten,Sem Promocao,Consola,[499.99],499.99,499.99,499.99,0.0,0.0,xbox,one,x,one x,preto,,,20191121
worten,Sem Promocao,Consola,[499.99],499.99,499.99,499.99,0.0,0.0,xbox,one,x,one x,preto,,,20191121
worten,Sem Promocao,Consola,[150.0],150.0,150.0,150.0,0.0,0.0,xbox,one,s,one s,branco,,,20191121
worten,Sem Promocao,Consola,[150.0],150.0,150.0,150.0,0.0,0.0,xbox,one,s,one s,,,,20191121
worten,Sem Promocao,Consola,[440.77],440.77,440.77,440.77,0.0,0.0,xbox,one,s,one s,,,,20191121
worten,Sem Promocao,Consola,[150.0],150.0,150.0,150.0,0.0,0.0,xbox,one,s,one s,branco,,,20191121
worten,Sem Promocao,Consola,[327.62],327.62,327.62,327.62,0.0,0.0,xbox,one,s,one s,branco,,,20191121
worten,Sem Promocao,Consola,[150.0],150.0,150.0,150.0,0.0,0.0,xbox,one,s,one s,branco,,,20191121
worten,Sem Promocao,Consola,[347.74],347.74,347.74,347.74,0.0,0.0,xbox,one,s,one s,branco,,,20191121
worten,Sem Promocao,Consola,[227.85],227.85,227.85,227.85,0.0,0.0,xbox,one,s,one s,branco,,,20191121
worten,Sem Promocao,Consola,[150.0],150.0,150.0,150.0,0.0,0.0,xbox,one,s,one s,branco,,,20191121
worten,Sem Promocao,Consola,[499.99],499.99,499.99,499.99,0.0,0.0,xbox,one,x,one x,preto,,,20191121
worten,Sem Promocao,Consola,[499.99],499.99,499.99,499.99,0.0,0.0,xbox,one,x,one x,preto,,,20191121
worten,Black Friday,Tablet,[604.99],604.99,604.99,604.99,0.0,0.0,apple,ipad,air,ipad air,prata,64.0,,20191129
worten,Black Friday,Tablet,[682.49],682.49,682.49,682.49,0.0,0.0,apple,ipad,air,ipad air,prata,256.0,,20191129
worten,Black Friday,Tablet,[719.99],719.99,719.99,719.99,0.0,0.0,apple,ipad,air,ipad air,prata,64.0,,20191129
worten,Black Friday,Tablet,[889.99],889.99,889.99,889.99,0.0,0.0,apple,ipad,air,ipad air,prata,256.0,,20191129
worten,Black Friday,Tablet,[609.99],609.99,609.99,609.99,0.0,0.0,apple,ipad,air,ipad air,prateado,64.0,,20191129
worten,Black Friday,Tablet,[1182.67],1182.67,1182.67,1182.67,0.0,0.0,apple,ipad,pro,ipad pro,prata,64.0,,20191129
worten,Black Friday,Tablet,[1299.0],1299.0,1299.0,1299.0,0.0,0.0,apple,ipad,pro,ipad pro,prata,256.0,,20191129
worten,Black Friday,Tablet,[909.99],909.99,909.99,909.99,0.0,0.0,apple,ipad,pro,ipad pro,prata,64.0,,20191129
worten,Black Friday,Tablet,[909.99],909.99,909.99,909.99,0.0,0.0,apple,ipad,pro,ipad pro,prateado,64.0,,20191129
worten,Black Friday,Tablet,[469.99],469.99,469.99,469.99,0.0,0.0,apple,ipad,mini,ipad mini,prata,64.0,,20191129
worten,Black Friday,Tablet,[561.19],561.19,561.19,561.19,0.0,0.0,apple,ipad,mini,ipad mini,prata,64.0,,20191129
worten,Black Friday,Tablet,[779.99],779.99,779.99,779.99,0.0,0.0,apple,ipad,mini,ipad mini,prata,256.0,,20191129
worten,Black Friday,Tablet,[501.43],501.43,501.43,501.43,0.0,0.0,apple,ipad,mini,ipad mini,prateado,64.0,,20191129
worten,Black Friday,Consola,[299.99],299.99,299.99,299.99,0.0,0.0,sony,ps4 slim,,ps4 slim,,500.0,,20201127
worten,Black Friday,Smartphone,[139.99],139.99,139.99,139.99,0.0,0.0,samsung,galaxy_a,20,galaxy_a 20,azul,,3.0,20201127
worten,Black Friday,Smartphone,[139.99],139.99,139.99,139.99,0.0,0.0,samsung,galaxy_a,20,galaxy_a 20,branco,,3.0,20201127
worten,Black Friday,Smartphone,[139.99],139.99,139.99,139.99,0.0,0.0,samsung,galaxy_a,20,galaxy_a 20,preto,,3.0,20201127
worten,Black Friday,Smartphone,[129.99],129.99,129.99,129.99,0.0,0.0,samsung,galaxy_a,20,galaxy_a 20,azul,,3.0,20201127
worten,Black Friday,Smartphone,[129.99],129.99,129.99,129.99,0.0,0.0,samsung,galaxy_a,20,galaxy_a 20,preto,,3.0,20201127
worten,Black Friday,Smartphone,[159.99],159.99,159.99,159.99,0.0,0.0,samsung,galaxy_a,21,galaxy_a 21,azul,,3.0,20201127
worten,Black Friday,Smartphone,[159.99],159.99,159.99,159.99,0.0,0.0,samsung,galaxy_a,21,galaxy_a 21,branco,,3.0,20201127
worten,Black Friday,Smartphone,[159.99],159.99,159.99,159.99,0.0,0.0,samsung,galaxy_a,21,galaxy_a 21,preto,,3.0,20201127
worten,Black Friday,Smartphone,[209.99],209.99,209.99,209.99,0.0,0.0,samsung,galaxy_a,21,galaxy_a 21,branco,,4.0,20201127
worten,Black Friday,Smartphone,[209.99],209.99,209.99,209.99,0.0,0.0,samsung,galaxy_a,21,galaxy_a 21,preto,,4.0,20201127
worten,Black Friday,Smartphone,[203.19],203.19,203.19,203.19,0.0,0.0,samsung,galaxy_a,21,galaxy_a 21,azul,,4.0,20201127
worten,Black Friday,Smartphone,[179.99],179.99,179.99,179.99,0.0,0.0,samsung,galaxy_a,21,galaxy_a 21,branco,,4.0,20201127
worten,Black Friday,Smartphone,[189.99],189.99,189.99,189.99,0.0,0.0,samsung,galaxy_a,30,galaxy_a 30,branco,,4.0,20201127
worten,Black Friday,Smartphone,[189.99],189.99,189.99,189.99,0.0,0.0,samsung,galaxy_a,30,galaxy_a 30,preto,,4.0,20201127
worten,Black Friday,Smartphone,[249.99],249.99,249.99,249.99,0.0,0.0,samsung,galaxy_a,31,galaxy_a 31,prateado,,4.0,20201127
worten,Black Friday,Smartphone,[249.99],249.99,249.99,249.99,0.0,0.0,samsung,galaxy_a,31,galaxy_a 31,preto,,4.0,20201127
worten,Black Friday,Smartphone,[229.99],229.99,229.99,229.99,0.0,0.0,samsung,galaxy_a,31,galaxy_a 31,prateado,,4.0,20201127
worten,Black Friday,Smartphone,[229.99],229.99,229.99,229.99,0.0,0.0,samsung,galaxy_a,31,galaxy_a 31,preto,,4.0,20201127
worten,Black Friday,Smartphone,[289.99],289.99,289.99,289.99,0.0,0.0,samsung,galaxy_a,51,galaxy_a 51,branco,,4.0,20201127
worten,Black Friday,Smartphone,[289.99],289.99,289.99,289.99,0.0,0.0,samsung,galaxy_a,51,galaxy_a 51,preto,,4.0,20201127
worten,Black Friday,Smartphone,[289.0],289.0,289.0,289.0,0.0,0.0,xiaomi,mi,10,mi 10,prata,,6.0,20201127
worten,Black Friday,Smartphone,[449.99],449.99,449.99,449.99,0.0,0.0,apple,iphone,se,iphone se,preto,128.0,,20201127
worten,Sem Promocao,Consola,[499.0],499.0,499.0,499.0,0.0,0.0,xbox,series,x,series x,,,,20201201
worten,Sem Promocao,Consola,[249.99],249.99,249.99,249.99,0.0,0.0,xbox,one,s,one s,,,,20201209
worten,Sem Promocao,Consola,[374.4],374.4,374.4,374.4,0.0,0.0,xbox,one,s,one s,,,,20201209
worten,Sem Promocao,Consola,[328.62],328.62,328.62,328.62,0.0,0.0,xbox,one,s,one s,,,,20201209
worten,Sem Promocao,Consola,[273.2],273.2,273.2,273.2,0.0,0.0,xbox,one,s,one s,,,,20201209
worten,Sem Promocao,Consola,[302.2],302.2,302.2,302.2,0.0,0.0,xbox,one,s,one s,,,,20201209
worten,Sem Promocao,Consola,[249.99],249.99,249.99,249.99,0.0,0.0,xbox,one,s,one s,cinzento,,,20201209
worten,Sem Promocao,Consola,[623.69],623.69,623.69,623.69,0.0,0.0,xbox,one,x,one x,preto,,,20201209
worten,Sem Promocao,Consola,[399.99],399.99,399.99,399.99,0.0,0.0,xbox,one,x,one x,,,,20201209
worten,Sem Promocao,Consola,[782.66],782.66,782.66,782.66,0.0,0.0,xbox,one,x,one x,,,,20201209
worten,Sem Promocao,Consola,[773.41],773.41,773.41,773.41,0.0,0.0,xbox,one,x,one x,,,,20201209
worten,Sem Promocao,Consola,[599.9],599.9,599.9,599.9,0.0,0.0,xbox,one,x,one x,,,,20201209
worten,Sem Promocao,Consola,[808.24],808.24,808.24,808.24,0.0,0.0,xbox,one,s,one s,branco,500.0,,20201210
worten,Sem Promocao,Consola,[565.95],565.95,565.95,565.95,0.0,0.0,xbox,one,s,one s,branco,,,20201210
worten,Sem Promocao,Consola,[249.99],249.99,249.99,249.99,0.0,0.0,xbox,one,s,one s,,,,20201210
worten,Sem Promocao,Consola,[374.4],374.4,374.4,374.4,0.0,0.0,xbox,one,s,one s,,,,20201210
worten,Sem Promocao,Consola,[328.62],328.62,328.62,328.62,0.0,0.0,xbox,one,s,one s,,,,20201210
worten,Sem Promocao,Consola,[273.2],273.2,273.2,273.2,0.0,0.0,xbox,one,s,one s,,,,20201210
worten,Sem Promocao,Consola,[302.2],302.2,302.2,302.2,0.0,0.0,xbox,one,s,one s,,,,20201210
worten,Sem Promocao,Consola,[249.99],249.99,249.99,249.99,0.0,0.0,xbox,one,s,one s,cinzento,,,20201210
worten,Sem Promocao,Consola,[648.69],648.69,648.69,648.69,0.0,0.0,xbox,one,x,one x,preto,,,20201210
worten,Sem Promocao,Consola,[399.99],399.99,399.99,399.99,0.0,0.0,xbox,one,x,one x,,,,20201210
worten,Sem Promocao,Consola,[954.62],954.62,954.62,954.62,0.0,0.0,xbox,one,x,one x,,,,20201210
worten,Sem Promocao,Consola,[773.41],773.41,773.41,773.41,0.0,0.0,xbox,one,x,one x,,,,20201210
worten,Sem Promocao,Consola,[599.9],599.9,599.9,599.9,0.0,0.0,xbox,one,x,one x,,,,20201210
worten,Sem Promocao,Consola,[401.1],401.1,401.1,401.1,0.0,0.0,sony,ps4 pro,,ps4 pro,,,,20201219
worten,Sem Promocao,Consola,[369.99],369.99,369.99,369.99,0.0,0.0,sony,ps4 pro,,ps4 pro,,,,20201219
worten,Sem Promocao,Consola,[369.99],369.99,369.99,369.99,0.0,0.0,sony,ps4 pro,,ps4 pro,,,,20201219
worten,Sem Promocao,Consola,[579.99],579.99,579.99,579.99,0.0,0.0,sony,ps4 pro,,ps4 pro,,,,20201219
worten,Sem Promocao,Consola,[599.99],599.99,599.99,599.99,0.0,0.0,sony,ps4 pro,,ps4 pro,,,,20201219
worten,Sem Promocao,Consola,[2298.85],2298.85,2298.85,2298.85,0.0,0.0,sony,ps4 pro,,ps4 pro,,,,20201219
worten,Sem Promocao,Consola,[699.9],699.9,699.9,699.9,0.0,0.0,sony,ps4 pro,,ps4 pro,,,,20201219
worten,Sem Promocao,Consola,[499.99],499.99,499.99,499.99,0.0,0.0,sony,ps4 pro,,ps4 pro,,,,20201219
worten,Sem Promocao,Consola,[325.0],325.0,325.0,325.0,0.0,0.0,sony,ps4 slim,,ps4 slim,,500.0,,20201219
worten,Sem Promocao,Consola,[574.99],574.99,574.99,574.99,0.0,0.0,sony,ps4 slim,,ps4 slim,,,,20201219
worten,Sem Promocao,Consola,[560.9],560.9,560.9,560.9,0.0,0.0,sony,ps4 slim,,ps4 slim,,,,20201219
worten,Sem Promocao,Consola,[620.99],620.99,620.99,620.99,0.0,0.0,sony,ps4 slim,,ps4 slim,,500.0,,20201219
worten,Sem Promocao,Consola,[339.99],339.99,339.99,339.99,0.0,0.0,sony,ps4 slim,,ps4 slim,,500.0,,20201219
worten,Sem Promocao,Consola,[492.2],492.2,492.2,492.2,0.0,0.0,sony,ps4 slim,,ps4 slim,,500.0,,20201219
worten,Sem Promocao,Consola,[339.99],339.99,339.99,339.99,0.0,0.0,sony,ps4 slim,,ps4 slim,,500.0,,20201219
worten,Sem Promocao,Consola,[620.99],620.99,620.99,620.99,0.0,0.0,sony,ps4 slim,,ps4 slim,,,,20201219
worten,Sem Promocao,Consola,[620.99],620.99,620.99,620.99,0.0,0.0,sony,ps4 slim,,ps4 slim,,,,20201219
worten,Sem Promocao,Consola,[499.0],499.0,499.0,499.0,0.0,0.0,sony,ps4 slim,,ps4 slim,,,,20201219
worten,Sem Promocao,Consola,[562.35],562.35,562.35,562.35,0.0,0.0,sony,ps4 slim,,ps4 slim,,500.0,,20201219
worten,Sem Promocao,Consola,[401.1],401.1,401.1,401.1,0.0,0.0,sony,ps4 pro,,ps4 pro,,,,20201220
worten,Sem Promocao,Consola,[369.99],369.99,369.99,369.99,0.0,0.0,sony,ps4 pro,,ps4 pro,,,,20201220
worten,Sem Promocao,Consola,[369.99],369.99,369.99,369.99,0.0,0.0,sony,ps4 pro,,ps4 pro,,,,20201220
worten,Sem Promocao,Consola,[579.99],579.99,579.99,579.99,0.0,0.0,sony,ps4 pro,,ps4 pro,,,,20201220
worten,Sem Promocao,Consola,[599.99],599.99,599.99,599.99,0.0,0.0,sony,ps4 pro,,ps4 pro,,,,20201220
worten,Sem Promocao,Consola,[2298.85],2298.85,2298.85,2298.85,0.0,0.0,sony,ps4 pro,,ps4 pro,,,,20201220
worten,Sem Promocao,Consola,[699.9],699.9,699.9,699.9,0.0,0.0,sony,ps4 pro,,ps4 pro,,,,20201220
worten,Sem Promocao,Consola,[499.99],499.99,499.99,499.99,0.0,0.0,sony,ps4 pro,,ps4 pro,,,,20201220
worten,Sem Promocao,Consola,[325.0],325.0,325.0,325.0,0.0,0.0,sony,ps4 slim,,ps4 slim,,500.0,,20201220
worten,Sem Promocao,Consola,[574.99],574.99,574.99,574.99,0.0,0.0,sony,ps4 slim,,ps4 slim,,,,20201220
worten,Sem Promocao,Consola,[560.9],560.9,560.9,560.9,0.0,0.0,sony,ps4 slim,,ps4 slim,,,,20201220
worten,Sem Promocao,Consola,[620.99],620.99,620.99,620.99,0.0,0.0,sony,ps4 slim,,ps4 slim,,500.0,,20201220
worten,Sem Promocao,Consola,[339.99],339.99,339.99,339.99,0.0,0.0,sony,ps4 slim,,ps4 slim,,500.0,,20201220
worten,Sem Promocao,Consola,[492.2],492.2,492.2,492.2,0.0,0.0,sony,ps4 slim,,ps4 slim,,500.0,,20201220
worten,Sem Promocao,Consola,[339.99],339.99,339.99,339.99,0.0,0.0,sony,ps4 slim,,ps4 slim,,500.0,,20201220
worten,Sem Promocao,Consola,[620.99],620.99,620.99,620.99,0.0,0.0,sony,ps4 slim,,ps4 slim,,,,20201220
worten,Sem Promocao,Consola,[620.99],620.99,620.99,620.99,0.0,0.0,sony,ps4 slim,,ps4 slim,,,,20201220
worten,Sem Promocao,Consola,[499.0],499.0,499.0,499.0,0.0,0.0,sony,ps4 slim,,ps4 slim,,,,20201220
worten,Sem Promocao,Consola,[562.35],562.35,562.35,562.35,0.0,0.0,sony,ps4 slim,,ps4 slim,,500.0,,20201220
worten,Saldos Inverno,Smartphone,"[899.99, 1049.0]",899.99,1049.0,974.495,74.505,14.204957102001906,huawei,p,40,p 40,preto,,8.0,20201223
worten,Saldos Inverno,Smartphone,"[899.99, 1049.0]",899.99,1049.0,974.495,74.505,14.204957102001906,huawei,p,40,p 40,preto,,8.0,20201231
